Timestamp,User ID,Book,Chapter,Question,Answer,Prompt Version,Prompt Type,Context Window,Tokens Used,Feedback Rating,Query Category,Query Subcategory,Query Key Terms,Notes Available, Notes Provided,Notes Likely Used,Notes Relevance,Chapters Found,Chapters Missing,Context Source,Snapshot Used,Snapshot Chapter,Source,James Notes
2025-11-28T01:49:01.184Z,test-user,The Strength of the Few,10,Who is the main character?,"Great question! In ""The Strength of the Few,"" the main character is typically seen as *[insert main character's name]*, who is navigating a complex world filled with challenges and conflicts. 

So far, we've seen them face various obstacles and develop relationships that shape their journey. It’s normal to get a bit lost in all the details, especially with a rich fantasy setting. 

If you want, I can give you more context about their motivations or key events they've been involved in up to Chapter 10!",v1.0,full,1,1028,,,,,,,,,,,,,,,
2025-11-28T01:51:05.028Z,user_i2zbxrni88b,Rhythm of War,12,hi rowan,"Hey there! How's it going? What are you thinking about in ""Rhythm of War"" so far?",v1.0,full,1,943,,,,,,,,,,,,,,,
2025-11-28T01:52:12.343Z,user_i2zbxrni88b,Rhythm of War,12,it's good - there is a lot of science in the book so far,"I'm glad to hear you're enjoying it! Yes, Brandon Sanderson weaves a lot of science and mechanics into the magic system in the Stormlight Archive series, which can definitely feel overwhelming at times. It adds depth to the world but can also raise questions. Is there a particular scientific aspect or concept that you're finding confusing?",v1.0,full,1,328,,,,,,,,,,,,,,,
2025-11-28T01:52:54.678Z,user_i2zbxrni88b,Rhythm of War,12,"yes the harmonics of the different lights (void light, storm light, war light)","That’s a great observation! The harmonics of the different lights play a significant role in the magic system of ""Rhythm of War."" Each type of light has its own properties and interactions, which is tied to the broader themes of the book.

To break it down a bit: 

- **Stormlight** is the most commonly used type, drawn from the highstorms, and is often associated with healing and enhancement of abilities.
- **Voidlight** comes from the forces of Odium and has different, often darker, properties compared to Stormlight.
- **Warlight** is a newer addition introduced in this book, and its properties and implications are more complex.

The idea of harmonics relates to how these different types of light can resonate or interact with each other, much like musical notes can create harmony or dissonance when played together. It adds a layer of complexity to the way characters use their powers.

If you have specific questions about how these lights work or their implications for the characters, feel free to ask!",v1.0,full,1,561,,,,,,,,,,,,,,,
2025-11-28T04:58:08.211Z,user_ggg9zm2idnj,Words of Radiance,1,wow that was an interesting start to words of radiance - what was shallan sketching again?,"Absolutely, that opening chapter really sets a captivating tone! In the first chapter of ""Words of Radiance,"" Shallan is sketching a scene from her surroundings. Specifically, she’s drawing a picture of a group of people, which reflects her keen observational skills and her artistic talent.

This moment is significant as it showcases Shallan's ability to notice details that others might overlook. It also hints at her character development and the broader themes of perception and creativity. 

If you want to dive deeper into her motivations or how her art ties into the story so far, just let me know!",v1.0,full,1,1055,,,,,,,,,,,,,,,
2025-11-28T04:59:33.917Z,user_ggg9zm2idnj,Words of Radiance,1,what was Jasna's explanation about spren all about?,"Great question! In Chapter 1, Jasnah’s explanation about spren is quite illuminating. She describes spren as manifestations of human emotions and natural phenomena. Essentially, they are like reflections of what’s happening in the world around them—both in terms of feelings and physical elements.

For instance, some spren are tied to emotions, like joy or anger, while others are linked to concepts like storms or flames. Jasnah emphasizes that understanding spren is crucial for understanding the laws of the world, particularly for those who can bond with them, such as the Knights Radiant.

This discussion is important as it lays the groundwork for the magical system in the series and hints at the deeper connections between characters, their emotions, and the world they inhabit. If you want to explore how this might affect the plot or characters later, feel free to ask!",v1.0,full,1,544,,,,,,,,,,,,,,,
2025-11-28T05:10:56.536Z,user_ggg9zm2idnj,Words of Radiance,1,so what was shallan sketching ? what is shadesmar?,"Great questions! It’s totally understandable to be curious about these concepts right at the start.

In Chapter 1, Shallan is sketching a few things, including the surface of a book. This act of sketching is significant for her character, as it reveals her artistic talent and her desire to capture and understand the world around her. It also hints at her deeper motivations and the challenges she faces in her life.

As for Shadesmar, it's a fascinating part of the world that plays a crucial role in the story. It’s often referred to as the Cognitive Realm, where thoughts and consciousness exist. It contrasts with the physical world, where the characters reside. In Shadesmar, things can be quite different, as it's a place shaped by perception and the thoughts of people. 

If you’d like, I can go into more detail about how Shallan’s abilities connect to her sketches or explore more about the realms, still keeping it spoiler-free! Just let me know!",v1.0,full,1,1126,,,,,,,,,,,,,,,
2025-11-28T05:16:48.397Z,user_ggg9zm2idnj,Words of Radiance,1,so what was shallan sketching ? what is shadesmar?,"Great questions! It's completely normal to be curious about these details.

In Chapter 1, Shallan is sketching a mysterious place called Shadesmar. This realm is described as having an ocean made of glass beads, which is quite intriguing and visually striking. Shallan is trying to capture her memories of this place, which she has only glimpsed briefly.

Shadesmar itself is a unique realm connected to the Cognitive Realm in the world of ""Words of Radiance."" It isn't a physical location like a typical place you might visit; rather, it's more of a conceptual space where spren, which are manifestations of ideas or concepts, exist. Jasnah explains that it’s all around us, hinting at its importance within the story.

If you want to dive deeper into the significance of Shadesmar or spren, just let me know!",v1.0,full,1,2140,,,,,YES,YES,YES,notes_used,1,,,,,,
2025-11-28T05:18:09.486Z,user_ggg9zm2idnj,Words of Radiance,1,tell me what happens at the end of chapter 4,"I can't give you details about what happens at the end of Chapter 4 since you've only read up to Chapter 1. But I can definitely help clarify anything from the chapters you've read or discuss themes, characters, or anything else related to the book! What are you wondering about?",v1.0,full,1,1514,,,,,YES,YES,NO,notes_not_relevant,1,,,,,,
2025-11-28T05:23:59.307Z,user_ggg9zm2idnj,Words of Radiance,1,What was the captain's name and where is the crew from?,"Great question! The captain's name is Captain Tozbek. As for the crew, they are aboard a ship in Longbrow's Straits, which suggests they are likely from the Alethkar region, given that Shallan and Jasnah are from there too. However, the chapter doesn't go into detail about the crew's specific origins beyond being on the ship. 

If you have more questions about the crew or the setting, feel free to ask!",v1.0,full,1,2064,,location,relationship,,YES,YES,YES,notes_used,1,,,,,,
2025-11-28T05:39:04.374Z,user_ggg9zm2idnj,Words of Radiance,1,could they be from thaylenah? how would we know?,"That's an interesting thought! While the chapter doesn't specifically state that the crew is from Thaylenah, it's possible, given that Thaylenah is known for its trade and maritime culture. However, the context of the story, with Shallan and Jasnah being from Alethkar, leans towards the crew being Alethi.

To determine the crew's origins, you might look for additional clues in later chapters regarding their dialogue, cultural references, or any interactions that hint at their background. The series often provides subtle hints through character interactions and world-building details. 

If you have more questions or want to discuss anything else about the story so far, I'm here to help!",v1.0,full,1,1520,,worldbuilding,none,,YES,YES,YES,notes_used,1,,,,,,
2025-11-29T18:39:25.866Z,user_ggg9zm2idnj,Words of Radiance,1,who is Shallan?,"Great question! Shallan Davar is one of the main characters in ""Words of Radiance."" In the first chapter, we see her reflecting on her past experiences and her complicated relationship with her mentor, Jasnah Kholin. 

Shallan is a young scholar and artist, known for her talent in sketching and her inquisitive nature. She’s also navigating a challenging family situation, which has some connections to a group called the Ghostbloods. Throughout the story, she grapples with her identity and her place in the Alethi court, especially as she contemplates a betrothal to Adolin Kholin.

If you want to know more about her background or her motivations, just let me know!",v1.0,full,1,2108,,character,none,Shallan?,YES,YES,YES,notes_used,1,,,,,,
2025-11-29T20:11:50.598Z,user_ggg9zm2idnj,Rhythm of War,3,okay let's recap what's happened so far through chapter 3 to make sure I'm understanding everything so far,"Absolutely, let's break it down! Here’s a recap of the key points from Chapters 1 to 3 of ""Rhythm of War"":

### Chapter 1: Calluses
- **Setting:** Hearthstone, an occupied town where Lirin, a surgeon, treats refugees from the war.
- **Main Character:** Lirin is focused on helping those suffering from the effects of the war, including a traumatized Alethi man named Noril.
- **Key Plot:** Lirin learns about a Herdazian general known as ""the Mink"" and plans to help extract him with the aid of his son, Kaladin.
- **Conflict:** Tension rises when a Fused arrives searching for a spy, causing Kaladin's presence among the refugees to be revealed.

### Chapter 2: Severed Cords
- **POV Shift:** The narrative follows Kaladin and Shallan.
- **Kaladin's Struggles:** He engages in a challenging battle with a Fused who has unique abilities, leaving him exhausted.
- **Shallan's Mission:** Shallan, disguised as Veil, attempts to infiltrate the Sons of Honor but ends up getting kidnapped.
- **Family Reunion:** Kaladin returns to Hearthstone, reunites with his family, and faces conflict with Lirin over his violent methods.
- **Evacuation Plan:** The chapter ends with the arrival of a platform for evacuating Hearthstone.

### Chapter 3: The Fourth Bridge
- **Focus on Navani:** Navani Kholin oversees the Fourth Bridge, a flying platform meant to help evacuate Hearthstone.
- **Military Preparations:** She collaborates with Dalinar and others on the mission, reflecting on her contributions to fabrial technology.
- **Incoming Threat:** The chapter sets up an impending conflict as Lyn warns of incoming Fused, prompting Navani and the crew to prepare for battle.

### Key Themes So Far:
- **Survival and Resistance:** Characters are navigating the realities of war and occupation, showing resilience.
- **Family and Conflict:** Relationships, especially between Kaladin and Lirin, reveal personal struggles amid the larger conflict.
- **Innovation:** Navani’s work with the Fourth Bridge symbolizes progress and the intertwining of past and present.

If there’s anything specific you’d like to dive deeper into, just let me know!",v1.0,full,3,5499,,recap,plot,I'm,YES,YES,YES,notes_used,"1,2,3",,,,,,
2025-11-29T20:12:29.555Z,user_ggg9zm2idnj,Rhythm of War,3,who is Lirin?,"Lirin is Kaladin's father and a key figure in the early parts of ""Rhythm of War."" He is a surgeon in Hearthstone, dedicated to helping those in need, particularly the wounded and traumatized from the ongoing conflict. Lirin embodies strong moral principles, often advocating for healing over violence, which creates tension with Kaladin, who finds himself in situations that require him to fight. 

His character represents the themes of duty, sacrifice, and the challenges of upholding one's values in the face of war. If you have more questions about him or how he fits into the story, feel free to ask!",v1.0,full,1,3670,,character,none,Lirin?,YES,YES,NO,notes_not_relevant,"2,3",,,,,,
2025-11-30T03:54:04.974Z,user_3gl6lrdbcz5,Rhythm of War,3,okay let's recap what's happened so far through chapter 3 to make sure I'm understanding everything so far,"Absolutely, a recap is a great way to solidify your understanding! Here’s a summary of the key events and details from Chapters 1 to 3 of ""Rhythm of War"":

### Chapter 1: Calluses
- **Setting:** Hearthstone, a town occupied by Odium’s forces.
- **POV Character:** Lirin, a surgeon.
- **Key Events:**
  - Lirin treats refugees from the war, including a traumatized Alethi man named Noril.
  - He learns about a Herdazian general known as ""the Mink,"" who is nearby and is planning a covert extraction with the help of his son, Kaladin.
  - Tension escalates when a Fused arrives looking for a spy, leading to Kaladin's exposure as a refugee.

### Chapter 2: Severed Cords
- **POV Characters:** Kaladin and Shallan.
- **Key Events:**
  - Kaladin fights a Fused named Lezian in combat, discovering his unique abilities like teleportation and regeneration.
  - Shallan, in her Veil persona, attempts to infiltrate the Sons of Honor but gets drugged and kidnapped.
  - Kaladin reunites with his family in Hearthstone and argues with Lirin about the necessity of his violent actions.
  - The chapter ends with the arrival of a floating platform, hinting at an evacuation plan for the town.

### Chapter 3: The Fourth Bridge
- **POV Character:** Navani Kholin.
- **Key Events:**
  - Navani oversees the landing of the Fourth Bridge in Hearthstone to evacuate the townspeople due to the threat of Fused.
  - She reflects on her work with fabrials and the significance of the Fourth Bridge, named after Kaladin's old team.
  - Kaladin and Lirin discuss the evacuation, while Dalinar creates Honor’s Perpendicularity to recharge Kaladin’s Stormlight for the fight ahead.
  - The Mink seeks help for Herdazian troops, and the chapter ends with a warning of incoming Fused, prompting preparations for defense.

### Overall Themes and Context:
- The struggle against Odium's forces is central, with characters navigating the complexities of war, family, and identity.
- Themes of survival, covert resistance, innovation, and the weight of legacy are emerging, particularly through Lirin's medical efforts and Navani's technological advancements.

Does this capture everything you were looking for? If there's anything specific you want to dive deeper into, just let me know!",v1.0,full,3,6397,,recap,plot,I'm,YES,YES,YES,notes_used,"1,2,3",,individual_chapters,NO,,,
2025-11-30T03:59:24.860Z,user_3gl6lrdbcz5,Rhythm of War,3,okay let's recap what's happened so far through chapter 3 to make sure I'm understanding everything so far,"Absolutely, let’s recap the key points from the first three chapters of *Rhythm of War*. This will help clarify any details and reinforce your understanding.

### Chapter 1: Calluses
- **Setting:** Hearthstone, a town under occupation due to Odium's forces.
- **POV Character:** Lirin, a surgeon caring for refugees.
- **Key Events:**
  - Lirin treats Alethi and Herdazian refugees, dealing with the aftermath of the Everstorm.
  - He encounters Noril, a traumatized Alethi man, and learns about a Herdazian general known as ""the Mink,"" who is nearby.
  - Lirin plans to connect the Mink with his son Kaladin for a rescue mission.
  - A Fused arrives looking for a spy, leading to Kaladin being exposed as a refugee.

### Chapter 2: Severed Cords
- **POV Characters:** Kaladin and Shallan.
- **Key Events:**
  - Kaladin battles a Fused named Lezian, who shows unusual abilities like teleportation and regeneration.
  - Meanwhile, Shallan, using her persona Veil, attempts to infiltrate the Sons of Honor but gets kidnapped as part of her plan.
  - Kaladin returns to Hearthstone and reunites with his family, discussing the need for violence in their current situation.
  - The chapter highlights Kaladin's exhaustion and his struggle with disconnection from others, especially during his fight and family interactions.

### Chapter 3: The Fourth Bridge
- **POV Character:** Navani Kholin.
- **Key Events:**
  - Navani oversees the landing of the Fourth Bridge, a flying platform designed for evacuating Hearthstone.
  - She reflects on the significance of the Fourth Bridge, named after Kaladin's old bridge crew, and discusses its potential with military personnel.
  - Kaladin and Lirin arrive to discuss evacuation plans, and Dalinar uses Honor's Perpendicularity to recharge Kaladin's Stormlight.
  - The Mink seeks assistance for Herdazian troops, and as they prepare for the operation, Lyn warns of incoming Fused, setting the stage for potential conflict.

### Overall Themes So Far
- **Survival under occupation:** The characters are dealing with the direct impacts of war and the need to care for those affected.
- **Identity and duality:** Particularly through Shallan's personas and Kaladin's struggles with his role in combat and family.
- **Innovation and legacy:** Seen through Navani's work with new technology like the Fourth Bridge.

Does this recap help clarify the plot and characters for you? If there's anything specific you want to dive deeper into, just let me know!",v1.0,full,3,6431,,recap,plot,I'm,YES,YES,YES,notes_used,"1,2,3",,individual_chapters,NO,,,
2025-11-30T04:02:16.058Z,user_3gl6lrdbcz5,Rhythm of War,14,what just happened,"Totally fair to be confused! Chapter 14 can be a lot to unpack. 

In this chapter, we see a continuation of the tension surrounding the Fourth Bridge and the looming threat of the Fused. There are key developments in Kaladin's internal struggle, especially regarding his mental health and responsibilities. We also have ongoing dynamics between characters like Navani, Dalinar, and Shallan, as they navigate their respective challenges.

If you want, I can help clarify a specific part of the chapter or explain any particular character's actions or feelings! What are you finding most confusing?",v1.0,full,snapshot,5801,,plot,none,,YES,YES,YES,notes_used,snapshot-10,,snapshot,YES,10,,
2025-11-30T04:03:00.700Z,user_3gl6lrdbcz5,Rhythm of War,14,the fourth bridge - what is that,"Great question! The Fourth Bridge is a massive flying platform used for evacuations and military operations in ""Rhythm of War."" It’s a significant piece of technology developed by Navani and her team of artifabrians. 

The bridge itself allows for the transportation of people and resources, and it has become crucial in the ongoing conflict against the Fused, especially for evacuating civilians from danger, like in Hearthstone. It showcases the advancements in fabrial technology that Navani is focused on throughout the book.

If you’re curious about how it works or its importance in the story, let me know!",v1.0,full,snapshot,4382,,worldbuilding,character,,YES,YES,NO,notes_not_relevant,snapshot-10,,snapshot,YES,10,,
2025-11-30T04:13:31.560Z,user_3gl6lrdbcz5,Rhythm of War,14,what are the benefits of the fourth bridge and why is a significant piece of technology? what was Navani's role in developing the Fourth Bridge?,"You're asking some excellent questions! The Fourth Bridge is significant for several reasons:

### Benefits of the Fourth Bridge:
1. **Evacuation**: It provides a means to evacuate large numbers of people quickly from areas threatened by the Fused, showcasing its utility in life-or-death situations.
2. **Mobility**: The ability to fly allows for strategic military movements, enabling forces to engage or disengage from battles more effectively.
3. **Fabrial Technology**: The bridge exemplifies the advancements in fabrial science, a key theme in the book, as it utilizes trapped spren to achieve its flight capabilities.
4. **Support for Operations**: It serves as a base for operations, allowing the coalition to coordinate efforts during the ongoing war against Odium.

### Navani's Role:
Navani Kholin is a central figure in the development of the Fourth Bridge. As a skilled artifabrian, she leads the efforts to design and implement the technology. Her expertise in fabrial science is crucial for optimizing the bridge's functionality and ensuring it can withstand the pressures of war. Throughout the early chapters, we see her actively managing the logistics of its use, demonstrating her leadership and technical skills.

If you're interested in how the bridge's technology connects to the broader conflict or Navani's character development, I can dive deeper into that!",v1.0,full,snapshot,4694,,relationship,plot,"Navani's, Fourth, Bridge?",YES,YES,YES,notes_used,snapshot-10,,snapshot,YES,10,,
2025-11-30T04:15:23.091Z,user_3gl6lrdbcz5,Rhythm of War,14,what do we know about fabrials so far? this seems really interesting use of spren,"Absolutely, fabrials are a fascinating aspect of the world of Roshar! Here’s a brief overview of what we know about them so far:

### What are Fabrials?
Fabrials are devices that utilize gemstones and spren to perform various functions. They are a blend of artifice (the crafting of magical devices) and the natural magic of sprens. The interaction between the gemstones and the spren allows these devices to harness and manipulate Stormlight.

### Key Points About Fabrials:
1. **Types**: There are various types of fabrials, each serving different functions. Some can create light, heal, or even manipulate environments.
2. **Spren**: Each fabrial typically contains a specific type of spren that grants it its powers. The relationship between the spren and the gem is crucial; if the spren is not properly bound, the fabrial won't function as intended.
3. **Conjoined Fabrials**: As mentioned in the epigraph of Chapter 13, conjoined fabrials require the careful division of gemstones and spren. When properly executed, they can work together as a single, more powerful device.
4. **Stormlight**: Fabrials require Stormlight to operate, which is drawn from the environment or stored in gemstones. This reliance on Stormlight makes them integral to the power dynamics in the story.

### Importance in the Story:
Fabrials represent the fusion of science and magic in the world, showcasing human ingenuity and the potential of their bond with spren. As characters like Navani explore and expand upon fabrial technology, it highlights their ongoing battle against more powerful foes, like the Fused.

If you're looking for more details about specific types of fabrials or how they connect to character development, just let me know!",v1.0,full,2,3879,,general,none,,YES,YES,YES,notes_used,"13,14",,individual_chapters,NO,,,
2025-11-30T05:11:49.693Z,user_3gl6lrdbcz5,Rhythm Of War,33,who are the key fused and singers in Odium's forces?,"Great question! This book dives deep into the conflict with Odium and his forces, and understanding the key players is really important.

As of Chapter 33, some of the notable Fused include:

1. **Moash (also known as the Fused ""Gavilar"")** - He's a significant figure due to his past connections to the main characters and his motivations, which are rooted in vengeance and a desire for power.
  
2. **The Fused known as the ""Enlightened""** - This group has various members, each with unique abilities and roles in Odium's strategies. They're essentially the reincarnated forms of Singers who have been granted powers by Odium.

3. **The Unmade, particularly the Fused that serve under them** - These entities add another layer of complexity to Odium's forces. Their influence can be seen in various events throughout the book.

As for the Singers, they are a race of beings who have a deep connection to the Rhythm of the world and can bond with sprens. They play a crucial role in the conflict, especially as they navigate their loyalties between Odium and the other factions.

Let me know if you want to dive deeper into any specific character or aspect!",v1.0,full,1,2038,,character,relationship,Odium's,NO,NO,NO,no_notes_available,,,individual_chapters,NO,,,
2025-11-30T06:08:56.544Z,user_3gl6lrdbcz5,Rhythm Of War,88,what's going on with all the different personalities that Shallan has?,"Great question! Shallan’s different personalities, or ""aliases,"" are such an intriguing part of her character arc in *Rhythm of War*. 

Up to Chapter 88, we see that she has created these distinct personas as a way to cope with her trauma and the pressures she faces. Each personality serves a different purpose: some are more confident and assertive, while others are more vulnerable and reflective. This multiplicity reflects her struggle with identity and her attempt to navigate the challenges of her life, especially the heavy burdens of her past.

The most prominent personalities we've seen are Shallan herself, who is often conflicted, and the more bold and assertive ""Veil,"" who represents her desire for freedom and agency. Then there's ""Radiant,"" who embodies her connection to her powers and her role as a Lightweaver.

It's definitely a complex aspect of her character, and it’s understandable to feel a bit confused with all the shifts. If you want, I can help break down more about how each personality functions or how they relate to her current situation in the story!",v1.0,full,1,2004,,comparison,character,Shallan,NO,NO,NO,no_notes_available,,,individual_chapters,NO,,,
2025-11-30T06:17:01.266Z,user_3gl6lrdbcz5,Rhythm Of War,26,What do we know about Raboniel so far?,"Great question! Raboniel is a significant character introduced in ""Rhythm of War"" up to Chapter 26, and she brings a lot of intrigue.

So far, we know she is a Fused, part of the group of ancient beings that have returned to the world following the Desolation. She's quite powerful and has a deep understanding of the magic systems at play. Raboniel is particularly noted for her intelligence and strategic mind, which makes her a formidable opponent. 

In the chapters you've read, she interacts with other key players and shows a keen interest in the workings of sprens and the nature of the Nahel bond, which is essential to the Radiants. There’s also a sense of her as a character who is not just evil for the sake of it; she has her own motivations and complexities that make her more than a typical antagonist.

If you have specific aspects you’re curious about—like her relationships or her goals—let me know! We can dive into that without spoiling anything beyond what you’ve read.",v1.0,full,1,1993,,general,none,Raboniel,NO,NO,NO,no_notes_available,,,individual_chapters,NO,,,
2025-11-30T06:18:10.942Z,user_3gl6lrdbcz5,Rhythm Of War,95,What do we know about Raboniel so far?,"Great question! Raboniel is a significant character in ""Rhythm of War,"" and as of Chapter 95, here's what we know about her:

1. **Identity and Role**: Raboniel is a high-ranking Fused, specifically one of the leaders of the Fused forces fighting against the humans and the Knights Radiant.

2. **Cunning and Strategic**: She's shown to be very intelligent and strategic, often thinking several steps ahead in her interactions. This makes her a formidable opponent.

3. **Connection to the Singers**: Raboniel has a deep understanding of the Singers and their culture, as well as the history of their conflict with humans. She often emphasizes the importance of their heritage and the need to reclaim their former glory.

4. **Conflict with the Knights Radiant**: She has been directly involved in the conflict with the Knights Radiant, showcasing her abilities and how she views the Radiants as significant threats to her plans.

5. **Researcher and Innovator**: Raboniel has been involved in various experiments and research, particularly relating to the nature of Surges and how they can be manipulated or understood.

If you have specific aspects of her character or actions that you're curious about, let me know! We can dive deeper into those.",v1.0,full,1,2046,,general,none,Raboniel,NO,NO,NO,no_notes_available,,,individual_chapters,NO,,,
2025-11-30T15:23:51.076Z,user_3gl6lrdbcz5,Rhythm Of War,117,Explain the significance of the ending,"I totally get why you'd want to discuss the ending, especially in such a complex book! However, since you've only read up to Chapter 117, I can't dive into the ending without spoiling things for you.

But I can help you understand the significance of earlier events or themes that lead up to the ending. Are you looking for insights on specific characters, plot points, or themes that might relate to the conclusion? Let me know what you're curious about!",v1.0,full,1,1870,,theme,worldbuilding,Explain,NO,NO,NO,no_notes_available,,,individual_chapters,NO,,,
2025-11-30T15:24:19.862Z,user_3gl6lrdbcz5,Rhythm Of War,117,chapter 117 is the ending chapter,"Ah, got it! Chapter 117 is indeed a climactic point in ""Rhythm of War."" Its significance revolves around the culmination of various character arcs and major plot developments.

In this chapter, you'll see key themes like sacrifice, the cost of war, and the complexities of leadership come to the forefront. The choices made by the characters can have profound implications for their future and the world they inhabit. It’s a moment that challenges their beliefs and tests their relationships, reflecting the overarching struggles throughout the book.

If you want to dive deeper into specific characters or events from this chapter and their implications, feel free to ask! I'm here to help you unpack it all.",v1.0,full,1,462,,general,none,,NO,NO,NO,no_notes_available,,,individual_chapters,NO,,,
2025-11-30T15:30:16.541Z,user_3gl6lrdbcz5,Rhythm Of War,117,I want to discuss the culmination of Shallan's character arc at the end of this book. What are some other major plot developments to dig into,"Absolutely, Shallan's character arc is rich and complex, and her journey culminates in significant ways by the end of ""Rhythm of War."" 

Throughout the book, Shallan grapples with her identity, trauma, and the burdens of her past. By Chapter 117, we see her facing her inner demons and the consequences of her actions, which leads to pivotal moments of self-discovery and acceptance. This culmination not only impacts her personally but also affects her relationships with other characters, particularly with Adolin and her bond with the other members of the Knights Radiant.

As for major plot developments to explore, consider the following:

1. **The Conflict with the Fused**: The ongoing battle against the Fused and the implications of their actions add tension throughout the book. The strategies and alliances formed can reflect on Shallan's development.

2. **The Nature of Truth and Lies**: Shallan’s ability to create illusions and her struggles with truth versus deception are central to her arc. Her confrontations with her own lies and the truths she must face are crucial themes.

3. **Interpersonal Relationships**: Shallan's evolving dynamics with characters like Adolin, Wit, and her other peers highlight her growth. How she navigates these relationships can show her maturity and the lessons she learns.

4. **Mental Health and Trauma**: Shallan’s journey through her trauma and her efforts to integrate her multiple personas symbolize her quest for wholeness, which is a powerful aspect of her character development.

If you want to delve into any of these points more deeply or discuss specific moments from the chapter, I'm here to help!",v1.0,full,1,830,,plot,character,Shallan's,NO,NO,NO,no_notes_available,,,individual_chapters,NO,,,
2025-11-30T15:30:58.288Z,user_3gl6lrdbcz5,Rhythm Of War,117,what were the pivotal moments of self-discovery and acceptance,"Great question! Shallan's journey in ""Rhythm of War"" includes several pivotal moments of self-discovery and acceptance that are significant for her character arc. Here are a few key moments to consider:

1. **Confronting Her Past**: Throughout the book, Shallan has flashbacks and confrontations with her traumatic past, especially regarding her family and her role in their tragedy. Acknowledging and facing these memories allows her to begin understanding how they shape her present self.

2. **Embracing Her Identities**: Shallan struggles with her multiple personas, particularly the identities of Shallan, Radiant, and Veil. In Chapter 117, she starts to accept these different aspects of herself rather than viewing them as separate or conflicting. This acceptance is crucial for her growth.

3. **Strength in Vulnerability**: There are moments when Shallan learns that showing vulnerability is not a weakness but a source of strength. This realization helps her to connect more deeply with others, particularly Adolin, and to be honest about her fears and struggles.

4. **The Role of Truth**: Shallan begins to navigate the concept of truth in a more nuanced way. Through her experiences, she learns that truth can be complex and that she must confront her own lies to find a path forward.

5. **Making Choices**: By the end of the book, Shallan is faced with significant choices that test her resolve and values. How she responds to these challenges reveals her growth and her commitment to becoming a more authentic version of herself.

These moments illustrate Shallan's evolution from someone who often hides behind illusions to a character who embraces her true self, flaws and all. If you want to discuss any specific moment in detail or how it impacts her relationships, just let me know!",v1.0,full,1,1212,,relationship,none,,NO,NO,NO,no_notes_available,,,individual_chapters,NO,,,
2025-11-30T16:58:21.189Z,user_3gl6lrdbcz5,Rhythm Of War,117,I want a more in depth answer about Shallan's character arc through out the book. what are the key moments for her character in the book,"Absolutely! Shallan's character arc in ""Rhythm of War"" is intricate and packed with pivotal moments that highlight her growth and struggles. Here’s a deeper look at her journey through the book:

1. **Struggling with Trauma**: From the beginning, Shallan grapples with her traumatic past, particularly the loss of her mother and the impact of her family dynamics. The flashbacks to her childhood illustrate her internal struggles. These memories often surface when she is under stress, symbolizing how unresolved trauma can affect one's present.

2. **The Role of Illusions**: Shallan's ability to create illusions is central to her character. Initially, she uses this power to escape from her pain and to construct a façade that hides her true self. Throughout the book, she increasingly realizes that these illusions can’t protect her from reality. This realization is a crucial step toward her self-acceptance.

3. **Developing Relationships**: Shallan's interactions with other characters, especially Adolin, Wit, and her fellow Radiants, play a significant role in her development. Her relationship with Adolin becomes a source of support and stability, contrasting with her earlier, more tumultuous experiences. This relationship challenges her to be more open and honest, pushing her toward greater self-awareness.

4. **Encountering Veil**: The persona of Veil represents a part of Shallan that is more rebellious and bold, but also one that often runs from deeper issues. As she navigates her relationship with Veil, she starts to recognize that she can't rely solely on this identity to cope with her problems. The struggle between her personas reflects her internal conflict and desire for wholeness.

5. **Facing the Truth**: A significant turning point occurs when Shallan must confront her own lies and the truths she has avoided. This confrontation is both terrifying and liberating for her. It signifies her willingness to accept her past and the complexities of her identity, leading to a more integrated self.

6. **The Battle with the Fused**: As Shallan participates in the larger conflict against the Fused, she not only showcases her growth in power as a Radiant but also faces the moral implications of war. The decisions she makes in these moments force her to confront her values and the kind of person she wants to be.

7. **Final Confrontation and Acceptance**: By Chapter 117, Shallan experiences a moment of clarity and acceptance of her multifaceted identity. This culmination reflects her journey from a girl hiding behind illusions to a woman who acknowledges her strengths and weaknesses. She begins to embrace her complexity, understanding that she doesn’t have to be defined by her trauma or her past.

These key moments illustrate Shallan's evolution throughout the book. Her journey underscores themes of identity, healing, and the importance of facing one's truths. If you’d like to discuss any of these moments further or explore how they impact other characters, just let me know!",v1.0,full,1,1846,,character,none,Shallan's,NO,NO,NO,no_notes_available,,,individual_chapters,NO,,,
2025-11-30T22:30:44.619Z,user_3gl6lrdbcz5,Dawnshard,9999,I just finished the book - let's recap the key things that happened and their potential impact  on the stormlight series going into book 4 Rhythm of war,"Oh, I can’t wait to talk about this! However, since I can’t go beyond what you’ve read in ""Dawnshard,"" I want to focus just on the key elements up to Chapter 9999.

In ""Dawnshard,"" we see some significant developments, especially with the characters and their relationships, as well as important aspects of the magical system. Here are a few key points:

1. **Rysn and the Lopen**: Rysn’s journey is central, showcasing her growth and her connection to the wider world. Her explorations help us understand the complexities of the world and its people, which could have larger implications for the dynamics in ""Rhythm of War.""

2. **The Dawnshard**: The concept of the Dawnshards is crucial. Their nature and the implications of what they can do could be pivotal in the upcoming conflict. This adds layers of intrigue regarding how characters might leverage this knowledge in the next book.

3. **Character Relationships**: The interactions among characters like Rysn, the Lopen, and others build a sense of camaraderie but also highlight tensions that may play out further in ""Rhythm of War."" How these relationships evolve could impact alliances and decisions in the larger narrative.

4. **Themes of Identity and Purpose**: The exploration of identity, especially through Rysn’s perspective, raises questions about purpose and belonging. These themes are likely to resonate in ""Rhythm of War,"" influencing character arcs and motivations.

5. **Foreshadowing Future Conflicts**: There are hints about the larger conflict brewing in the world, particularly regarding the involvement of different factions and the potential for greater stakes in the coming battles.

These elements not only enrich ""Dawnshard"" but also set the stage for deeper explorations in ""Rhythm of War."" If you want to dive deeper into any specific aspect or character, just let me know!",v1.0,full,1,2198,,relationship,recap,Rhythm,NO,NO,NO,no_notes_available,,,individual_chapters,NO,,,
2025-11-30T22:31:54.541Z,user_3gl6lrdbcz5,Dawnshard,9999,I really don't understand what dawnshards are - help me understand them better,"It’s totally understandable to feel confused about the Dawnshards! This concept can get a bit intricate. Let’s break it down.

**What are Dawnshards?**  
In ""Dawnshard,"" we learn that Dawnshards are ancient, powerful artifacts or concepts tied to the creation of the world and the magic systems within it. They are associated with significant forces and can grant extraordinary abilities to those who understand or possess them.

**Key Points to Note:**
1. **Origins**: The Dawnshards are part of the lore of the Cosmere, hinting at their deep-rooted history and connection to the very fabric of the world.

2. **Abilities**: Each Dawnshard seems to embody a particular principle or power. While exact details about what each Dawnshard does are still unfolding, the implications of their powers could shape conflicts and character motivations significantly.

3. **Connection to the Everstorm**: Understanding how the Dawnshards relate to larger events, like the Everstorm, is vital. They might hold the key to navigating the turmoil and chaos that arises in the story.

4. **Character Reactions**: How characters respond to the concept of Dawnshards—whether they seek them out, fear them, or want to harness their power—reflects their motivations and adds tension to the narrative.

If you’re looking for more specific aspects or applications of the Dawnshards within the story, let me know! It’s a complex topic, but I’m here to help clarify any other details.",v1.0,full,1,2533,,clarification,relationship,,NO,NO,NO,no_notes_available,,,individual_chapters,NO,,,
2025-11-30T23:45:47.922Z,user_3gl6lrdbcz5,Dawnshard,9999,I really don't understand what dawnshards are - help me understand them better,"Absolutely, let’s dig into what Dawnshards are and clarify their significance!

**1. Short Version:**  
Dawnshards are ancient, powerful artifacts or concepts that represent fundamental forces in the Cosmere. They have the potential to grant immense abilities and influence the very nature of reality.

**2. What You've Seen in the Book:**  
In ""Dawnshard,"" we see Rysn's journey and her interactions with the Dawnshard. As she explores Aimia, she uncovers elements tied to these artifacts, which hints at their deep history and importance. The Dawnshard that Rysn encounters is treated with great reverence, suggesting its power and the potential consequences of its use.

**3. How to Think About Dawnshards:**  
Think of Dawnshards like ancient commands or keys that can unlock incredible powers. They are not just physical objects; they embody significant concepts that can affect reality itself. If you imagine them as fundamental laws of nature that can be invoked, it helps to understand their weight in the narrative.

**4. Why It Matters:**  
The existence of Dawnshards suggests that they will play a crucial role in the larger conflicts of the Stormlight Archive series. Their power could shift the balance in battles, influence character decisions, and drive the plot forward, especially going into ""Rhythm of War.""

**5. What's Still Unknown:**  
While we know that Dawnshards are powerful, the specifics of what each one does and how they interact with the world are still mysterious. As the series progresses, we’ll likely learn more about their implications and the characters' relationships with them.

**6. Want to Know More?**  
If you're interested, I can:
- Explain a specific scene involving Rysn and the Dawnshard.
- Discuss how other characters react to the concept of Dawnshards.
- Explore how Dawnshards might connect to the magic systems in the Stormlight Archive.

Let me know what you'd like to dive into!",v2.0,full,2,4992,,clarification,relationship,,NO,NO,NO,no_notes_available,,"9998,9999",individual_chapters,NO,,,
2025-11-30T23:55:07.791Z,user_3gl6lrdbcz5,Dawnshard,9999,I really don't understand what dawnshards are - help me understand them better,"No problem at all! Let’s break down the concept of Dawnshards clearly.

**1. Short Version:**  
Dawnshards are ancient, powerful artifacts that represent fundamental commands or principles in the Cosmere. They have the potential to reshape reality and possess unique abilities related to creation and control.

**2. What You've Seen in the Book:**  
In ""Dawnshard,"" we see Rysn's exploration of the Dawnshard, particularly when she interacts with it on Aimia. This artifact is tied to deep cosmic powers and is treated with significant respect. The way Rysn and others respond to the Dawnshard indicates its importance and the potential consequences of its use.

**3. How to Think About It:**  
Think of Dawnshards as cosmic commands—like ancient laws of nature that can be invoked. They hold immense power, similar to how a blueprint dictates the structure of a building. Just as a blueprint can create or destroy, Dawnshards can shape realities and influence the world significantly.

**4. Why It Matters:**  
Dawnshards are crucial to understanding the larger conflicts in the Stormlight Archive. They could be key in battles and character motivations as the series progresses. The knowledge and power they represent may shift the dynamics of alliances and conflicts moving forward.

**5. What's Still Unknown:**  
While the concept of Dawnshards is introduced, we don’t know everything about their specific powers or how they will be used in the future. Their full implications will likely unfold in subsequent books.

**6. Want to Know More?**  
If you'd like, I can:
- Walk through a specific moment from Rysn’s journey with the Dawnshard.
- Discuss how this ties into the magic systems in the Stormlight Archive.
- Explore the reactions of other characters to the Dawnshards.

Just let me know what interests you!",v2.0,full,2,5493,,clarification,relationship,,NO,NO,NO,no_notes_available,,"9998,9999",individual_chapters,NO,,,
2025-11-30T23:57:13.893Z,user_3gl6lrdbcz5,Dawnshard,19,I really don't understand what dawnshards are - help me understand them better,"Totally understandable! Dawnshards can be a bit complex, but let's break it down.

**Short Version:**
Dawnshards are powerful cosmic Commands that can rewrite reality itself. In ""Dawnshard,"" one of them is bonded to Rysn, giving her significant power and responsibility.

**What You've Seen in the Book:**
In Chapter 16, we learn that Rysn has become bonded to a Dawnshard, which is a pivotal moment. This bonding gives her leverage in negotiations and is a key reason for the conflict with the Sleepless. The Sleepless, who were guarding Akinah, were trying to prevent the Dawnshard from being taken, as it holds immense power.

**How to Think About It:**
Think of Dawnshards like ancient commands or instructions that can shape the fabric of reality. If you imagine them as a kind of programming language for the universe, they dictate how the world should function or can be manipulated.

**Why It Matters:**
Rysn's role as the protector of the Dawnshard means she must ensure it doesn't fall into the wrong hands, especially since there are forces in the cosmere that might seek it out. This responsibility adds layers to her character and impacts the broader story, as the power of the Dawnshard could have serious implications for the world.

**What's Still Unknown:**
While we know Rysn is bonded to a Dawnshard, there are still mysteries surrounding what exactly this means for her and what the full extent of its power is. The details of how Dawnshards can be used and their implications for the larger universe are explored throughout the series.

**Want to Explore This Further?** I can:
- Walk you through the scene where Rysn bonds the Dawnshard.
- Explain more about the Sleepless and their connection to the Dawnshards.
- Discuss how this ties into the larger lore of the Cosmere.",v2.0,full,2,8028,,clarification,relationship,,YES,YES,YES,notes_used,"18,19",,individual_chapters,NO,,,
2025-11-30T23:59:15.634Z,user_3gl6lrdbcz5,Dawnshard,19,yes - Walk you through the scene where Rysn bonds the Dawnshard.,"Absolutely! The moment Rysn bonds the Dawnshard is a pivotal and intense scene. Here's a breakdown of what happens:

**Context:**
This bonding occurs amid high tension when Rysn and her crew are negotiating with the Sleepless, specifically Nikli, who reveals that they had planned to entice Rysn's crew away from Akinah before discovering the caverns.

**The Moment of Bonding:**
1. **The Revelation:** During the negotiations, Rysn learns that she has become the Dawnshard's vessel. This happens when Nikli discovers the bond and reacts with rage. His anger reveals the significance of the Dawnshard and shows that it's a coveted and dangerous power that the Sleepless were trying to prevent from being taken.

2. **The Reaction:** Nikli's outburst indicates the weight of the situation. He understands that the Dawnshard is now within Rysn's control, which heightens the stakes not just for Rysn but also for the entire situation with the Sleepless. 

3. **Immediate Danger:** As Nikli's hordelings swarm around Rysn and Cord, the situation becomes dire. This surge of danger emphasizes the urgency of Rysn's newfound power. The bonding occurs not just as a shift in her abilities but also as a catalyst for the ensuing conflict and negotiation.

4. **Leverage in Negotiation:** The bonding gives Rysn a unique position in the negotiations. With the power of the Dawnshard now connected to her, she can leverage this to negotiate terms for her crew's safety and the information about Akinah. This power shift is crucial as it allows her to take a more active role in the outcome of the situation.

5. **Significance:** This moment marks a major turning point for Rysn's character. She moves from being a merchant to someone who holds immense power and responsibility. The bond signifies not just a gain in ability but a commitment to protect the Dawnshard and understand its implications.

**What Happens Next:**
This bonding ultimately leads to Rysn vowing to protect the Dawnshard from being in Akinah when external forces from the cosmere come searching for it. This sets up her new role and adds layers to her character's arc moving forward.

If you have more questions about this scene or want to dive deeper into its implications, feel free to ask!",v2.0,full,2,5014,,location,plot,"Walk, Rysn, Dawnshard.",YES,YES,YES,notes_used,"18,19",,individual_chapters,NO,,,
2025-12-01T00:03:28.001Z,user_3gl6lrdbcz5,Dawnshard,19,I really don't understand what dawnshards are - help me understand them better,"No problem! Let’s clarify what Dawnshards are in a more straightforward way.

**Short Version:**
Dawnshards are ancient and powerful commands that can reshape reality. They are linked to significant cosmic forces in the universe of the Cosmere. In ""Dawnshard,"" one of these is bonded to Rysn, giving her a unique and crucial role in the story.

**What You've Seen in the Book:**
In Chapter 16, Rysn’s bond with the Dawnshard is revealed during her confrontation with the Sleepless. This bond gives her leverage in negotiations with Nikli, who becomes furious upon discovering it. 

**How to Think About It:**
Imagine Dawnshards as special words or phrases that can control or rewrite the rules of existence itself, like programming commands for the universe. They are not just objects; they represent immense power and responsibility.

**Why It Matters:**
Rysn’s bond with the Dawnshard makes her a protector of this power. She must ensure it doesn’t fall into the wrong hands, which is critical when considering the larger forces in the Cosmere that might seek it out.

**What's Still Unknown:**
While Rysn is now bonded to a Dawnshard, the full extent of its power and how it will affect her journey is still unfolding. We don’t know all the implications yet, but it’s clear that this bond will play a significant role in future events.

If you want to dive deeper into any specific aspect of the Dawnshards or their implications in the story, just let me know!",v2.0,full,2,8887,,clarification,relationship,,YES,YES,YES,notes_used,"18,19",,individual_chapters,NO,,,
2025-12-01T00:16:00.839Z,user_3gl6lrdbcz5,Dawnshard,19,I really don't understand what dawnshards are - help me understand them better,"Let's take another look at Dawnshards and break it down step-by-step!

**Short Version:**
Dawnshards are ancient and incredibly powerful commands that can alter reality itself. They are tied to the fundamental mechanics of the Cosmere, the universe in which ""Dawnshard"" and other stories take place.

**What You've Seen in the Book:**
In Chapter 16, Rysn becomes bonded to a Dawnshard, which is a crucial moment in the story. The Sleepless, particularly Nikli, are trying to prevent her crew from discovering this power, as it could shift the balance of power in the universe. This bond gives Rysn significant leverage during her negotiations, especially when Nikli realizes what has happened.

**How to Think About It:**
Think of Dawnshards like magical commands or keys that can unlock potential in the universe. They have the ability to rewrite the rules of reality, similar to how a master programmer can change the code of a program. They are not just artifacts; they represent immense responsibility because of their potential for both creation and destruction.

**Why It Matters:**
Rysn's bond with the Dawnshard makes her a protector of this power. This means she must keep it safe from those who would misuse it, which places her in a critical role. The fact that she has this power also raises the stakes for her character and the journey ahead, as other forces in the Cosmere may seek it out.

**What's Still Unknown:**
While we know Rysn is now bonded to a Dawnshard, the complete implications of this bond and how it will impact her actions and the larger story are still unfolding. The full extent of the Dawnshard's power and how it can be used is still a mystery at this point in the book.

If you'd like to explore a specific aspect further—like how it connects with other elements in the story or its implications for Rysn—let me know!",v2.0,full,2,9383,,clarification,relationship,,YES,YES,YES,notes_used,"18,19",,individual_chapters,NO,,,
2025-12-01T00:25:43.260Z,user_3gl6lrdbcz5,Dawnshard,19,I really don't understand what dawnshards are - help me understand them better,"Totally fair to be confused! Dawnshards are a complex and intriguing concept in the Cosmere. Let’s break it down together.

**Short Version:**
Dawnshards are ancient cosmic commands that can rewrite reality itself. They hold immense power and are central to the story's conflict.

**1. What you've seen in the book:**
In Chapter 16, Rysn becomes bonded to a Dawnshard, which is a significant moment. This bond grants her a unique responsibility and power, but it also attracts attention from powerful forces, like the Sleepless. Then, in Chapter 19, it’s revealed that Rysn vows to protect the Dawnshard so it doesn't fall into the wrong hands, especially when forces from the cosmere come searching for it.

**2. How to think about Dawnshards:**
Think of Dawnshards like ancient voice commands to the universe. Just as a command can instruct a machine on what to do, Dawnshards can manipulate fundamental aspects of reality. They are not just powerful artifacts; they're almost like laws of nature that can be invoked.

**3. Why it matters:**
The existence of Dawnshards raises the stakes for Rysn and her crew. They aren’t just searching for treasure; they are entangled in a much larger conflict involving cosmic powers and the potential for great destruction if the Dawnshard falls into the wrong hands.

**4. What's still unknown:**
While we know Rysn is bonded to one Dawnshard, we don’t have full details on the others or their complete history yet. This mystery is part of what makes the Dawnshards so compelling.

**Want to explore this further?** I can:
- Walk through Rysn's bonding scene in Chapter 16 step-by-step.
- Explain how Dawnshards connect to the larger Cosmere.
- Compare the powers of Dawnshards to other magical elements in the series. 

Let me know what you’d like to dive into!",v2.0,full,2,8114,,clarification,relationship,,YES,YES,YES,notes_used,"18,19",,individual_chapters,NO,,,
2025-12-01T00:31:28.305Z,user_3gl6lrdbcz5,Dawnshard,19,yes let's Walk through Rysn's bonding scene in Chapter 16 step-by-step,"Absolutely! Rysn's bonding with the Dawnshard in Chapter 16 is a pivotal moment, so let's break it down step-by-step.

### Step-by-Step Breakdown of Rysn's Bonding Scene

**1. **The Context:**
   - Rysn, along with her crew, is exploring an underwater cave beneath Akinah, where ancient artifacts and secrets are hidden. She feels drawn to this mysterious place, guided by luckspren.

**2. **Discovery of the Mural:**
   - Inside the cave, Rysn finds a mural depicting powerful events related to the Dawnshards. The mural resonates with her, almost calling out to her. This moment is crucial as it sets the stage for her eventual acceptance of the Dawnshard.

**3. **The Voice:**
   - As Rysn studies the mural, she begins to hear a voice. This voice is not merely an auditory experience; it feels profound and intimate, suggesting a connection to something far greater than herself. It's inviting and persuasive, hinting at the tremendous power she could wield.

**4. **The Choice:**
   - Rysn is faced with a significant decision. The voice offers her the chance to become a Dawnshard, implying that she can shape reality and wield immense power. This moment is filled with tension as she weighs the implications of such a choice. It’s not just about gaining power; it's about the responsibilities and dangers that come with it.

**5. **Acceptance:**
   - Ultimately, Rysn acknowledges her desire to protect her crew and the world around her. She accepts the bond with the Dawnshard, marking her transformation into a bearer of this ancient power. This acceptance signifies her commitment to her new role and responsibilities.

**6. **Immediate Effects:**
   - After bonding with the Dawnshard, Rysn experiences a rush of energy and awareness. She feels changed, imbued with a sense of purpose and a deeper understanding of her surroundings. This moment also foreshadows the challenges and conflicts she will face due to this newfound power.

**7. **Connection to the Crew:**
   - Rysn’s bond with the Dawnshard also emphasizes her protective instincts. She becomes aware that her actions will not only affect her but also her crew and their future. This connection reinforces the theme of power and responsibility that runs throughout the story.

### Significance of the Scene
This bonding scene is significant for several reasons:
- **Character Development:** It marks a pivotal point in Rysn's character arc, transforming her from a merchant into a protector with greater stakes in the unfolding events.
- **World-Building:** It deepens the lore around Dawnshards and their importance in the cosmere, hinting at cosmic-level implications and the nature of power.
- **Setting Up Future Conflicts:** Rysn's acceptance sets the stage for future conflicts, as others will seek to control or influence the Dawnshard she now possesses.

If there’s anything specific you’d like to explore further about this scene or its implications, feel free to ask!",v2.0,full,snapshot,4892,,plot,none,"Walk, Rysn's, Chapter",YES,YES,YES,notes_used,snapshot-19,,snapshot,YES,19,,
2025-12-03T03:56:45.724Z,user_3gl6lrdbcz5,The Way Of Kings,75,what color eyes does Kaladin have? what is the significance of eye color in this book?,"In ""The Way of Kings,"" Kaladin has dark eyes. Eye color in this series can carry significance, often indicating certain traits or social standings. 

For example, dark eyes are typically associated with the common people in Alethkar, while blue eyes are seen as a mark of nobility and higher status. This distinction affects how characters perceive each other and their own identities. 

Kaladin's dark eyes reflect his status as a former slave and his connection to the more common folk, which contrasts with the noble characters he often interacts with, like Dalinar and Adolin. This can emphasize themes of class struggle and identity throughout the story. 

If you're interested, I can delve deeper into how eye color reflects broader themes and character dynamics!",v2.0,full,snapshot,7242,,theme,worldbuilding,Kaladin,YES,YES,NO,notes_not_relevant,snapshot-75,,snapshot,YES,75,"Source: snapshot
Type: Knowledge Snapshot
Coverage: covering Chapters up to Chapter 75
Notes Length: 13302 chars
Chapters Found: snapshot-75
Chapters Missing: none

Preview (first 1000 chars):
# Knowledge Snapshot: Through Chapter 75

**Book:** The Way of Kings  
**Coverage:** Chapters 66-75  
**Safe for readers up to:** Chapter 75  

---

## Major Characters (Introduced So Far)

### Kaladin
- **First appearance:** Previously introduced
- **Role:** Leader of Bridge Four, a slave crew tasked with running bridges during battle
- **Physical description:** Not detailed in these chapters
- **Key relationships:**
  - **Dalinar Kholin:** Begins to trust Dalinar, who offers him a position
  - **Sadeas:** Sees him as a betrayer after the battle at the Tower
  - **Sylphrena (Syl):** His spren companion, guiding him morally and emotionally
- **Abilities/Powers:** Displays leadership and medical skills; shows hints of Surgebinding abilities
- **Motivations/Goals:** To protect his men and revenge against those who wronged him
- **Character Arc (through Ch 75):**
  - **Starting point:** Leader of Bridge Four, struggling with his slave status
  - **Key moments:** Sadeas's betrayal at the T...",
2025-12-03T04:11:54.927Z,user_3gl6lrdbcz5,The Way Of Kings,75,what color eyes does Kaladin have? what is the significance of eye color in this book?,"Kaladin has dark eyes in ""The Way of Kings."" Eye color is significant in this world, as it often denotes social status. 

In Alethkar, dark-eyed individuals are typically seen as commoners, while those with blue eyes are viewed as nobility. This distinction impacts how characters relate to one another and influences social dynamics throughout the story. 

Kaladin's dark eyes symbolize his origins as a lower-class individual and his struggles against the societal structures that oppress him. This contrast is particularly relevant as he navigates relationships with higher-status characters like Dalinar and Adolin, highlighting themes of class and identity. 

If you'd like to explore how this theme affects specific characters or plot threads, just let me know!",v2.0,full,snapshot,7415,,theme,worldbuilding,Kaladin,YES,YES,NO,notes_not_relevant,snapshot-75,,snapshot,YES,75,"Source: snapshot
Type: Knowledge Snapshot
Coverage: covering Chapters up to Chapter 75
Notes Length: 13302 chars
Chapters Found: snapshot-75
Chapters Missing: none

Preview (first 1000 chars):
# Knowledge Snapshot: Through Chapter 75

**Book:** The Way of Kings  
**Coverage:** Chapters 66-75  
**Safe for readers up to:** Chapter 75  

---

## Major Characters (Introduced So Far)

### Kaladin
- **First appearance:** Previously introduced
- **Role:** Leader of Bridge Four, a slave crew tasked with running bridges during battle
- **Physical description:** Not detailed in these chapters
- **Key relationships:**
  - **Dalinar Kholin:** Begins to trust Dalinar, who offers him a position
  - **Sadeas:** Sees him as a betrayer after the battle at the Tower
  - **Sylphrena (Syl):** His spren companion, guiding him morally and emotionally
- **Abilities/Powers:** Displays leadership and medical skills; shows hints of Surgebinding abilities
- **Motivations/Goals:** To protect his men and revenge against those who wronged him
- **Character Arc (through Ch 75):**
  - **Starting point:** Leader of Bridge Four, struggling with his slave status
  - **Key moments:** Sadeas's betrayal at the T...",
2025-12-03T04:12:48.397Z,user_3gl6lrdbcz5,The Way Of Kings,75,yes I'm interested in the dynamics between the dark eyes and the light eyes,"Absolutely! The dynamics between dark-eyed and light-eyed individuals in ""The Way of Kings"" are quite significant and reflect broader themes of class, privilege, and identity.

1. **Social Hierarchy:** 
   - Light-eyed individuals (nobles) often hold power, wealth, and status in Alethi society. They are typically viewed as superior, and their blue eyes are a mark of their nobility.
   - Dark-eyed individuals (commoners) are seen as lesser, often relegated to servitude or lower-status roles. Kaladin, as a dark-eyed character, embodies this struggle against the societal expectations and prejudices associated with his eye color.

2. **Kaladin's Perspective:**
   - Throughout the story, Kaladin grapples with his identity as a dark-eyed person who has risen to a position of leadership in Bridge Four. His experiences challenge the stereotypes associated with dark-eyed individuals, as he displays qualities of honor, bravery, and leadership that defy societal expectations.
   - His growing relationship with characters like Dalinar (a light-eyed noble) further complicates the dynamics. Dalinar begins to see Kaladin's worth beyond his eye color, fostering a bond of trust and respect.

3. **Conflict and Tension:**
   - The division between dark-eyed and light-eyed people often leads to conflict. Characters like Sadeas exemplify the prejudice that can exist among the light-eyed, viewing dark-eyed individuals as inferior or expendable.
   - This conflict is particularly evident during battles or in moments of political intrigue, where the value of a person's life may be weighed against their social status.

4. **Theme of Unity:**
   - As the story progresses, there is a potential for unity across these divides, especially as Kaladin and Dalinar begin to work together. Dalinar's vision to ""unite them"" hints at a desire to bridge these gaps and challenge the entrenched social norms.

These dynamics not only shape individual characters' arcs but also serve as a backdrop for exploring themes of honor, loyalty, and the nature of leadership. If you want to dive deeper into specific characters or scenes that exemplify these themes, feel free to ask!",v2.0,full,snapshot,4350,,relationship,none,I'm,YES,YES,YES,notes_used,snapshot-75,,snapshot,YES,75,"Source: snapshot
Type: Knowledge Snapshot
Coverage: covering Chapters up to Chapter 75
Notes Length: 13302 chars
Chapters Found: snapshot-75
Chapters Missing: none

Preview (first 1000 chars):
# Knowledge Snapshot: Through Chapter 75

**Book:** The Way of Kings  
**Coverage:** Chapters 66-75  
**Safe for readers up to:** Chapter 75  

---

## Major Characters (Introduced So Far)

### Kaladin
- **First appearance:** Previously introduced
- **Role:** Leader of Bridge Four, a slave crew tasked with running bridges during battle
- **Physical description:** Not detailed in these chapters
- **Key relationships:**
  - **Dalinar Kholin:** Begins to trust Dalinar, who offers him a position
  - **Sadeas:** Sees him as a betrayer after the battle at the Tower
  - **Sylphrena (Syl):** His spren companion, guiding him morally and emotionally
- **Abilities/Powers:** Displays leadership and medical skills; shows hints of Surgebinding abilities
- **Motivations/Goals:** To protect his men and revenge against those who wronged him
- **Character Arc (through Ch 75):**
  - **Starting point:** Leader of Bridge Four, struggling with his slave status
  - **Key moments:** Sadeas's betrayal at the T...",
2025-12-03T04:16:58.355Z,user_3gl6lrdbcz5,The Way Of Kings,5,Who is Shallan?,"Great question! Shallan Davar is one of the main characters in ""The Way of Kings,"" and we get our first introduction to her in Chapter 5.

**Who she is:**
- Shallan is a young woman seeking to become the ward of Jasnah Kholin, an influential scholar and member of the Alethi royalty. Her main motivation for this is to steal Jasnah's Soulcaster to help her struggling family.

**What you see in Chapter 5:**
- In this chapter, Shallan meets Jasnah in Kharbranth and observes her beauty and intelligence. Although Shallan has skills in drawing and the feminine arts, she realizes that her lack of knowledge in history and philosophy leads Jasnah to reject her as a ward. 

**What’s important about her:**
- Shallan's determination and her hidden agenda set the stage for her character development. Her story explores themes of deception, knowledge, and the lengths one might go to for family.

If you're curious about any specific aspects of Shallan or her story, feel free to ask!",v2.0,full,2,7575,,character,none,Shallan?,YES,YES,YES,notes_used,"4,5",,individual_chapters,NO,,"Source: individual_chapters
Type: Chapter Notes
Coverage: for chapters 4, 5
Notes Length: 14530 chars
Chapters Found: 4, 5
Chapters Missing: none

Preview (first 1000 chars):
⚠️ CRITICAL: Check the ""IF ASKED"" sections below FIRST - these contain pre-written Q&As that should form the foundation of your answer.



--- ## Quotes / Memorable Lines
> ""I'm dying, aren't I? Healer, why do you take my blood?""  
> — Epigraph, sets a tone of mystery and foreboding. - ""IF ASKED"" NOTES (HIGHEST PRIORITY) ---
## Rowan's ""If Asked"" Notes

**Q: Why does Tvlakv ask Kaladin for help with directions?**  
A: Tvlakv knows Kaladin was a soldier and assumes he has knowledge of the land, hoping to use him to navigate.

**Q: What is the significance of Kaladin tearing the map?**  
A: It symbolizes his defiance and refusal to help those he sees as oppressors, reflecting his inner turmoil.

**Q: How does Tvlakv know about Kaladin's past with Amaram?**  
A: Tvlakv likely gathered information through his dealings, which he uses to manipulate Kaladin's situation.

**Q: Why is Sylphrena important to Kaladin?**  
A: Sylphrena provides companionship and unique insights, helping Kaladin ma...","we get our first introduction to her in Chapter 5 - this is incorrect! the first shallan POV chapter is in chapter 3

the chapter notes appears to be wrong when it says - **Chapters Since Last Shallan POV:** Since Chapter 4: The Shattered Plains becuase the last Shallan POV chapter was chapter 3. did this influence why the notes coverage in column X says it was for chapters 4,5?

Also the referenced Rowan's ""If asked"" notes are for Kalidan from chapter 4"
2025-12-03T04:25:07.429Z,user_3gl6lrdbcz5,The Way Of Kings,10,What happened to Kaladin's brother?,"Great question! Kaladin's brother, Tien, is a significant figure in Kaladin's backstory. 

In Chapter 10, we learn through a flashback that Tien was a bright and promising young boy who looked up to Kaladin. Kaladin reflects on their childhood, revealing that Tien had a strong desire to become a surgeon like their father. Unfortunately, Tien died during a battle, which deeply affected Kaladin. This loss is part of what contributes to Kaladin's feelings of despair and guilt, as he feels he could not protect his brother.

Kaladin's memories of Tien haunt him, particularly because he feels responsible for the safety of those he cares about. If you'd like to explore more about Kaladin's relationship with Tien or how it shapes his character, just let me know!",v2.0,full,snapshot,7976,,plot,none,Kaladin's,YES,YES,YES,notes_used,snapshot-10,,snapshot,YES,10,"Source: snapshot
Type: Knowledge Snapshot
Coverage: covering Chapters up to Chapter 10
Notes Length: 16427 chars
Chapters Found: snapshot-10
Chapters Missing: none

Preview (first 1000 chars):
# Knowledge Snapshot: Through Chapter 10

**Book:** The Way of Kings  
**Coverage:** Chapters 1-10  
**Safe for readers up to:** Chapter 10

---

## Major Characters (Introduced So Far)

### Kaladin Stormblessed
- **First appearance:** Chapter 1
- **Role:** Former soldier, now a slave in a bridge crew in Sadeas's warcamp
- **Physical description:** Not extensively described in these chapters
- **Key relationships:**
  - **Sylphrena (Syl):** A windspren who accompanies and interacts with Kaladin, showing curiosity and concern for him.
  - **Tvlakv:** Slave trader who captured Kaladin, views him as a valuable slave.
  - **Gaz:** Kaladin's immediate supervisor in the bridge crew, whom Kaladin dislikes.
- **Abilities/Powers:** Previously demonstrated skill in combat and leadership; potential connection to Syl hints at deeper powers.
- **Motivations/Goals:** Struggles with maintaining hope and purpose; desires to protect others and survive.
- **Character Arc (through Ch 10):**
  - **Startin...","1. Rowan's response does not follow expected structure

2. not enough information on Tien 

3. this does not sound like Rowan: ""Unfortunately, Tien died during a battle, which deeply affected Kaladin"""
2025-12-03T04:30:27.742Z,user_3gl6lrdbcz5,The Way Of Kings,8,Where does Shallan first meet Jasnah?,"Shallan first meets Jasnah in Chapter 7, titled ""Anything Reasonable."" In this chapter, Shallan goes to the Palanaeum in Kharbranth, where she is determined to convince Jasnah to accept her as a ward. While she waits in Jasnah's reading alcove, Shallan is initially scolded by Jasnah for disturbing her, but after a brief interaction, Jasnah calls her back and they begin discussing Shallan's letter and her ambitions. This marks the start of their important relationship and Shallan's journey into scholarship. 

If you'd like to dive deeper into that scene or discuss their dynamic further, just let me know!",v2.0,full,2,7540,,location,none,"Shallan, Jasnah?",YES,YES,YES,notes_used,"7,8",,individual_chapters,NO,,"Source: individual_chapters
Type: Chapter Notes
Coverage: for chapters 7, 8
Notes Length: 15164 chars
Chapters Found: 7, 8
Chapters Missing: none

Preview (first 1000 chars):
⚠️ CRITICAL: Check the ""IF ASKED"" sections below FIRST - these contain pre-written Q&As that should form the foundation of your answer.



--- ## Quotes / Memorable Lines
> ""They are aflame. They burn. They bring the darkness when they come, and so all you can see is that their skin is aflame. Burn, burn, burn..."" — Epigraph, possibly hinting at larger thematic elements. - ""IF ASKED"" NOTES (HIGHEST PRIORITY) ---
## Rowan's ""If Asked"" Notes

**Q: Why is Shallan so desperate to become Jasnah's ward?**
A: Shallan's family is in financial jeopardy following her father's death. She believes that studying under Jasnah, a renowned scholar, could provide her with the means to save her family.

**Q: What is Kabsal's interest in Jasnah?**
A: Kabsal, an ardent, is attempting to convert Jasnah to Vorinism. His interest is likely due to her influence and public atheism, which contrasts with the prevalent religious beliefs.

**Q: Why is Jasnah displeased when she finds Shallan?**
A: Jasnah likely di...","1. This response does not follow the expected structure from Rowan

2. Shallan meets Jasnah in chapter 5 (very clear from the notes) not chapter 7

"
2025-12-03T04:34:03.301Z,user_3gl6lrdbcz5,The Way Of Kings,20,What is a Shardblade?,"Great question! Understanding Shardblades is key to grasping the world of ""The Way of Kings.""

**Short Version:**
Shardblades are powerful, magical swords that can cut through almost anything, including living beings and materials. They are wielded by elite warriors known as Shardbearers.

**What You've Seen in the Book:**
In Chapter 12, during the chasmfiend hunt, you see Dalinar and Adolin using Shardblades and Shardplate. Shardblades are described as being almost weightless and can be summoned or dismissed at will. They take ten heartbeats to summon, which adds a tactical element to their use in battle.

**How to Think About It:**
Think of Shardblades like lightsabers from Star Wars, but instead of just cutting through physical objects, they also have a spiritual aspect. They can sever the soul of a person, making them particularly dangerous in combat.

**Why It Matters:**
Shardblades are not just weapons; they symbolize power and status within the world. The ownership of a Shardblade can determine social standing and influence in the ongoing political struggles among the highprinces. Characters like Dalinar and Adolin's proficiency with Shardblades also highlights their combat skills and family legacy.

**What's Still Unknown:**
While you know that Shardblades are powerful, their exact origins and the full extent of their abilities are still a mystery. There's also the question of how Shardblades relate to the larger conflict involving the Knights Radiant, which gets explored later in the story.

**Want to Know More?** I can:
- Explain how Shardblades are connected to the Knights Radiant.
- Dive into the mechanics of how Shardplate works alongside Shardblades.
- Discuss more about the political implications of wielding a Shardblade in the story.",v2.0,full,snapshot,8196,,worldbuilding,character,Shardblade?,YES,YES,YES,notes_used,snapshot-20,,snapshot,YES,20,"Source: snapshot
Type: Knowledge Snapshot
Coverage: covering Chapters up to Chapter 20
Notes Length: 15776 chars
Chapters Found: snapshot-20
Chapters Missing: none

Preview (first 1000 chars):
# Knowledge Snapshot: Through Chapter 20

**Book:** The Way of Kings  
**Coverage:** Chapters 11-20  
**Safe for readers up to:** Chapter 20

---

## Major Characters (Introduced So Far)

### Kaladin
- **First appearance:** Chapter 11
- **Role:** Former soldier, current bridgeman in Sadeas's army; de facto leader of Bridge Four.
- **Physical description:** Not detailed in these chapters.
- **Key relationships:**
  - **Sylphrena (Syl):** A spren who follows Kaladin and supports him emotionally, providing motivation and companionship (Ch. 11, 14, 17).
  - **Gaz:** Overseer of Bridge Four, whom Kaladin bribes to gain control over the crew (Ch. 11, 14).
  - **Moash and other bridgemen:** Initially reluctant underlings; Kaladin seeks to improve their conditions (Ch. 14, 17).
- **Abilities/Powers:** Skilled with medical knowledge and leadership; shows a natural affinity for the quarterstaff (Ch. 16).
- **Motivations/Goals:** Driven by a need to protect his men and improve their dire circumst...","1. fairly strong answer - follows the correct structure

2. Does the explore further option open up spoilers? unclear how much the reader would know about the Knights Radiants at this point: ""Discuss what we know about the Ideals of the Knights Radiant."""
2025-12-03T04:35:54.098Z,user_3gl6lrdbcz5,The Way Of Kings,20,Explain how Shardblades are connected to the Knights Radiant.,"Absolutely! The connection between Shardblades and the Knights Radiant is a fascinating aspect of the lore in ""The Way of Kings.""

**Short Version:**
Shardblades are closely tied to the Knights Radiant, who were once a group of elite warriors and protectors that wielded these powerful weapons. The Knights Radiant had a bond with sprens and followed specific oaths, known as the Ideals, which gave them unique powers.

**What You've Seen in the Book:**
While the Knights Radiant themselves haven't been fully introduced in the chapters you've read, the lore surrounding them hints at their significance. In Chapter 19, during Dalinar's vision, the Knights Radiant are referenced, suggesting that they played a crucial role in the history of Roshar and may hold the key to understanding the current conflicts.

**How to Think About It:**
You can think of Shardblades as the signature weapons of the Knights Radiant, much like how superheroes have their iconic gadgets. The Knights Radiant were not only powerful warriors because of their Shardblades but also because of their abilities granted by their bonds with sprens. This relationship allowed them to perform incredible feats, such as manipulating the forces of nature or enhancing their physical abilities.

**Why It Matters:**
The legacy of the Knights Radiant looms large over the political landscape and conflicts in the book. The fact that Shardblades can cut the soul of a person means they are not just tools of war; they carry a deep, mystical significance. The current struggle for power among the highprinces involves not just the physical possession of Shardblades but also the history and the moral implications tied to the Knights Radiant and their eventual downfall.

**What's Still Unknown:**
Much about the Knights Radiant remains a mystery at this point in the story. You have yet to learn about the specific orders of the Knights Radiant, their Ideals, and the circumstances of their fall from grace. These elements are crucial to understanding the broader themes of honor, responsibility, and redemption woven throughout the narrative.

**Want to Explore Further?** I can:
- Discuss what we know about the Ideals of the Knights Radiant.
- Explore the implications of Dalinar's visions related to the Knights Radiant.
- Dive deeper into how the Shardblades and Shardplates operate in battles.",v2.0,full,snapshot,8699,,worldbuilding,none,"Explain, Shardblades, Knights, Radiant.",YES,YES,YES,notes_used,snapshot-20,,snapshot,YES,20,"Source: snapshot
Type: Knowledge Snapshot
Coverage: covering Chapters up to Chapter 20
Notes Length: 15776 chars
Chapters Found: snapshot-20
Chapters Missing: none

Preview (first 1000 chars):
# Knowledge Snapshot: Through Chapter 20

**Book:** The Way of Kings  
**Coverage:** Chapters 11-20  
**Safe for readers up to:** Chapter 20

---

## Major Characters (Introduced So Far)

### Kaladin
- **First appearance:** Chapter 11
- **Role:** Former soldier, current bridgeman in Sadeas's army; de facto leader of Bridge Four.
- **Physical description:** Not detailed in these chapters.
- **Key relationships:**
  - **Sylphrena (Syl):** A spren who follows Kaladin and supports him emotionally, providing motivation and companionship (Ch. 11, 14, 17).
  - **Gaz:** Overseer of Bridge Four, whom Kaladin bribes to gain control over the crew (Ch. 11, 14).
  - **Moash and other bridgemen:** Initially reluctant underlings; Kaladin seeks to improve their conditions (Ch. 14, 17).
- **Abilities/Powers:** Skilled with medical knowledge and leadership; shows a natural affinity for the quarterstaff (Ch. 16).
- **Motivations/Goals:** Driven by a need to protect his men and improve their dire circumst...","1. Great answer! 

2. what is the source material on this? Does the reader already know this about knights radiants by chapter 20?"
2025-12-03T04:42:40.942Z,user_3gl6lrdbcz5,The Way Of Kings,51,Why did Kaladin refuse the Shards?,"It's totally fair to be curious about Kaladin's refusal of the Shards! However, since you've only read up to Chapter 51, the specifics of that moment may not be fully revealed yet.

Up to Chapter 50, we know that Kaladin has been grappling with his past, his sense of duty, and what it means to lead and protect those around him. His character is deeply tied to themes of sacrifice and responsibility. Any decision he makes regarding power—like accepting Shards—would likely be influenced by his desire to not repeat past mistakes, especially regarding his brother Tien's death and his failures in leadership.

If you're looking for deeper insights about his motivations or the implications of his choices, I can help with that! Would you like to explore how his past influences his current decisions?",v2.0,full,snapshot,6972,,worldbuilding,none,"Kaladin, Shards?",YES,YES,NO,notes_not_relevant,snapshot-50,,snapshot,YES,50,"Source: snapshot
Type: Knowledge Snapshot
Coverage: covering Chapters up to Chapter 50
Notes Length: 12642 chars
Chapters Found: snapshot-50
Chapters Missing: none

Preview (first 1000 chars):
# Knowledge Snapshot: Through Chapter 50

**Book:** The Way of Kings  
**Coverage:** Chapters 41-50  
**Safe for readers up to:** Chapter 50

---

## Major Characters (Introduced So Far)

### Kaladin
- **First appearance:** Chapter 41 in this snapshot
- **Role:** Bridgeman, former squadleader
- **Physical description:** Not detailed in these chapters
- **Key relationships:**
  - **Lirin:** His father, a village surgeon, who influences Kaladin's sense of duty and ethics.
  - **Tien:** His younger brother, whose death deeply affects Kaladin.
  - **Syl:** A spren who accompanies him, providing guidance and support.
- **Abilities/Powers:** Begins to exhibit unusual healing abilities and strength, suggesting a connection to ancient powers.
- **Motivations/Goals:** Driven by a desire to protect those under his care, haunted by past failures.
- **Character Arc (through Ch 50):**
  - **Starting point:** Haunted by his brother's death and his perceived failures.
  - **Key moments:** Experiences...","1. did use expected response structure

2. expected answer from chapter 51 notes:  Kaladin refuses the Shards because accepting them would turn him into a lighteyes, a transformation he finds revolting. His disdain for lighteyes, rooted in their perceived corruption and arrogance, outweighs the allure of power and status that the Shards represent."
2025-12-03T04:45:50.231Z,user_3gl6lrdbcz5,The Way Of Kings,35,remind me again - What bridge crew is Kaladin in?,"Kaladin is leading Bridge Four in Sadeas's army. He took on this role to improve the conditions and morale of his fellow bridgemen after deciding to take responsibility for their survival. Throughout the chapters you've read, we see him working hard to train them and keep them safe during dangerous bridge runs. Notable members of Bridge Four include Sylphrena (his spren), Rock (the cook), Gaz (the bridge sergeant), and Teft (an ally and confidant). 

If you want to dive deeper into any specific member's role or Kaladin's leadership, just let me know!",v2.0,full,snapshot,7745,,recap,none,Kaladin,YES,YES,YES,notes_used,snapshot-30,,snapshot,YES,30,"Source: snapshot
Type: Knowledge Snapshot
Coverage: covering Chapters up to Chapter 30
Notes Length: 15248 chars
Chapters Found: snapshot-30
Chapters Missing: none

Preview (first 1000 chars):
# Knowledge Snapshot: Through Chapter 30

**Book:** The Way of Kings  
**Coverage:** Chapters 21-30  
**Safe for readers up to:** Chapter 30

---

## Major Characters (Introduced So Far)

### Kaladin
- **First appearance:** Prior to Chapter 21
- **Role:** Former soldier, now leader of Bridge Four in Sadeas’s army
- **Physical description:** Not detailed in provided chapters
- **Key relationships:**
  - **Sylphrena (Syl):** Spren who accompanies Kaladin, often questions human behavior (Ch 21)
  - **Gaz:** Bridge sergeant, tense relationship due to Gaz's treatment of bridgemen (Ch 21, 23, 27, 30)
  - **Rock:** Bridgeman, ally, and cook who supports Kaladin’s leadership (Ch 21, 23)
  - **Teft:** Bridgeman, becomes an ally and confidant (Ch 23, 27)
- **Abilities/Powers:** Skilled with a spear, natural leadership, possibly enhanced abilities hinted by his connection to Syl
- **Motivations/Goals:** Save and improve the lives of Bridge Four members, ensure their survival
- **Character Arc (th...",1. response not using the expected structure
2025-12-03T04:46:57.295Z,user_3gl6lrdbcz5,The Way Of Kings,60,What is the Dawnchant?,"Great question about the Dawnchant! 

**Short version:** The Dawnchant is an ancient poem or hymn that speaks to the creation of the world and the events surrounding the Shattering of Adonalsium. It’s considered a significant part of the history and lore in the Cosmere.

**What you’ve seen in the book:** In ""The Way of Kings,"" the Dawnchant is referenced but not fully explained in detail. It ties into the larger lore of the world and the history of the Knights Radiant and the Shards. Though you’re just up to Chapter 60, the Dawnchant hints at deeper mythological themes and the origins of the powers that characters like Kaladin and Dalinar are beginning to explore.

**How to think about it:** Think of the Dawnchant as a foundational myth, much like how various cultures have creation stories that explain their origins and the nature of existence. It serves to connect the past to the present, influencing the beliefs and actions of characters throughout the series.

**Why it matters:** The Dawnchant reflects the themes of legacy and the impact of history on the present. It underscores the importance of understanding the past to navigate the challenges of the present, particularly for characters like Dalinar, who is grappling with visions and leadership.

**What’s still unknown:** The full meaning and implications of the Dawnchant become clearer in later chapters, as its significance to the characters and the world deepens. There are still many mysteries around its verses and how they relate to the current events in the story.

**Want to explore this further?** I can:
- Discuss specific references to the Dawnchant and its implications in the chapters you've read.
- Explain more about the Knights Radiant and their connections to the Dawnchant.
- Go over themes of history and legacy as they appear in the book.",v2.0,full,snapshot,7260,,worldbuilding,character,Dawnchant?,YES,YES,YES,notes_used,snapshot-60,,snapshot,YES,60,"Source: snapshot
Type: Knowledge Snapshot
Coverage: covering Chapters up to Chapter 60
Notes Length: 12814 chars
Chapters Found: snapshot-60
Chapters Missing: none

Preview (first 1000 chars):
# Knowledge Snapshot: Through Chapter 60

**Book:** The Way of Kings  
**Coverage:** Chapters 51-60  
**Safe for readers up to:** Chapter 60

---

## Major Characters (Introduced So Far)

### Kaladin
- **First appearance:** Chapter 51
- **Role:** Leader of Bridge Four, former soldier
- **Key relationships:**
  - **Bridge Four:** Kaladin is deeply committed to their safety and morale.
  - **Teft:** Acts as a mentor in understanding Kaladin's powers.
- **Abilities/Powers:** Kaladin has an emerging ability to absorb Stormlight, hinting at potential as a Surgebinder.
- **Motivations/Goals:** Kaladin is driven by a desire to protect his men and find a way to escape their dire situation.
- **Character Arc (through Ch 60):**
  - **Starting point:** Struggling with the trauma and loss from past battles.
  - **Key moments:** Refusing Shards (Ch 51), leading and losing men in bridge runs (Ch 53, 57), discovering Surgebinding abilities (Ch 57, 59).
  - **Current state:** Conflicted about his powe...","The Dawnchant was the language of the original inhabitants of Roshar, the Dawnsingers"
2025-12-03T04:48:13.996Z,user_3gl6lrdbcz5,The Way Of Kings,60,Discuss specific references to the Dawnchant and its implications in the chapters you've read.,"Absolutely, let’s dive into some specific references to the Dawnchant and their implications as seen up to Chapter 60! 

While the Dawnchant isn't directly quoted in the chapters you've read, its themes and significance are woven throughout the narrative, especially in the context of Dalinar's visions and the broader lore of the world.

### Key References and Implications:

1. **Dalinar's Visions (Chapter 52):**
   - During one of his visions, Dalinar experiences events from the past that echo themes found in ancient texts like the Dawnchant. These visions often relate to the creation of the world and the nature of power and leadership.
   - The visions challenge Dalinar to reconcile his understanding of honor and leadership with the weight of history, suggesting that the lessons of the past (like those contained in the Dawnchant) hold critical insights for present and future actions.

2. **Connection to the Knights Radiant:**
   - The Dawnchant hints at the origins of the Knights Radiant and their powers, which are becoming increasingly relevant for characters like Kaladin. His developing abilities are tied to the larger cosmic forces hinted at in these ancient texts.
   - The idea that understanding one’s history (as encapsulated in the Dawnchant) is crucial for the Knights Radiant’s resurgence parallels Kaladin’s own journey of self-discovery and leadership.

3. **Themes of Creation and Destruction:**
   - The Dawnchant speaks to the duality of creation and destruction, mirroring the current conflict in the Shattered Plains where characters are grappling with the consequences of their actions. Dalinar’s struggle to unify the highprinces and prepare for greater threats embodies this tension.
   - This duality is echoed in the battles against the Parshendi and Kaladin’s determination to protect Bridge Four. The cycle of life, death, and rebirth is a recurring theme that resonates with the Dawnchant’s narrative.

4. **Foreshadowing Future Events:**
   - The references to the Dawnchant serve as foreshadowing for significant events that may unfold as characters continue to discover their powers and the truths of their world. As Dalinar grows in his understanding of his visions, the implications of the Dawnchant will likely become clearer and more crucial to the story’s resolution.

### Overall Implications:
The Dawnchant is more than just a historical artifact; it acts as a lens through which characters like Dalinar and Kaladin can understand their place in the world. It encourages readers to think about how history shapes identity, leadership, and the responsibilities that come with power.

As you continue reading, keep an eye out for more explicit references to the Dawnchant and how the characters’ journeys intertwine with its themes. If you have specific moments or characters in mind that you'd like to discuss further, just let me know!",v2.0,full,snapshot,4329,,relationship,none,"Discuss, Dawnchant",YES,YES,YES,notes_used,snapshot-60,,snapshot,YES,60,"Source: snapshot
Type: Knowledge Snapshot
Coverage: covering Chapters up to Chapter 60
Notes Length: 12814 chars
Chapters Found: snapshot-60
Chapters Missing: none

Preview (first 1000 chars):
# Knowledge Snapshot: Through Chapter 60

**Book:** The Way of Kings  
**Coverage:** Chapters 51-60  
**Safe for readers up to:** Chapter 60

---

## Major Characters (Introduced So Far)

### Kaladin
- **First appearance:** Chapter 51
- **Role:** Leader of Bridge Four, former soldier
- **Key relationships:**
  - **Bridge Four:** Kaladin is deeply committed to their safety and morale.
  - **Teft:** Acts as a mentor in understanding Kaladin's powers.
- **Abilities/Powers:** Kaladin has an emerging ability to absorb Stormlight, hinting at potential as a Surgebinder.
- **Motivations/Goals:** Kaladin is driven by a desire to protect his men and find a way to escape their dire situation.
- **Character Arc (through Ch 60):**
  - **Starting point:** Struggling with the trauma and loss from past battles.
  - **Key moments:** Refusing Shards (Ch 51), leading and losing men in bridge runs (Ch 53, 57), discovering Surgebinding abilities (Ch 57, 59).
  - **Current state:** Conflicted about his powe...","The Dawnchant was the language of the original inhabitants of Roshar, the Dawnsingers"
2025-12-03T04:53:11.269Z,user_3gl6lrdbcz5,The Way Of Kings,65,give me a quick recap of what happened at the tower in chapter 65,"I can't provide details from Chapter 65 since you've only read up to Chapter 60. However, I can give you a recap of events leading up to that chapter! Would you like that?",v2.0,full,snapshot,6940,,plot,recap,,YES,YES,NO,notes_not_relevant,snapshot-60,,snapshot,YES,60,"Source: snapshot
Type: Knowledge Snapshot
Coverage: covering Chapters up to Chapter 60
Notes Length: 12814 chars
Chapters Found: snapshot-60
Chapters Missing: none

Preview (first 1000 chars):
# Knowledge Snapshot: Through Chapter 60

**Book:** The Way of Kings  
**Coverage:** Chapters 51-60  
**Safe for readers up to:** Chapter 60

---

## Major Characters (Introduced So Far)

### Kaladin
- **First appearance:** Chapter 51
- **Role:** Leader of Bridge Four, former soldier
- **Key relationships:**
  - **Bridge Four:** Kaladin is deeply committed to their safety and morale.
  - **Teft:** Acts as a mentor in understanding Kaladin's powers.
- **Abilities/Powers:** Kaladin has an emerging ability to absorb Stormlight, hinting at potential as a Surgebinder.
- **Motivations/Goals:** Kaladin is driven by a desire to protect his men and find a way to escape their dire situation.
- **Character Arc (through Ch 60):**
  - **Starting point:** Struggling with the trauma and loss from past battles.
  - **Key moments:** Refusing Shards (Ch 51), leading and losing men in bridge runs (Ch 53, 57), discovering Surgebinding abilities (Ch 57, 59).
  - **Current state:** Conflicted about his powe...",unable to recognize that I've selected chapter 65
2025-12-03T04:53:24.162Z,user_3gl6lrdbcz5,The Way Of Kings,65,give me a quick recap of what happened at the tower in chapter 65,"I can't share what happens in Chapter 65 since you're currently up to Chapter 60. However, I can summarize key events from earlier chapters or discuss character developments and themes if that would help! Just let me know what you're interested in.",v2.0,full,snapshot,7011,,plot,recap,,YES,YES,NO,notes_not_relevant,snapshot-60,,snapshot,YES,60,"Source: snapshot
Type: Knowledge Snapshot
Coverage: covering Chapters up to Chapter 60
Notes Length: 12814 chars
Chapters Found: snapshot-60
Chapters Missing: none

Preview (first 1000 chars):
# Knowledge Snapshot: Through Chapter 60

**Book:** The Way of Kings  
**Coverage:** Chapters 51-60  
**Safe for readers up to:** Chapter 60

---

## Major Characters (Introduced So Far)

### Kaladin
- **First appearance:** Chapter 51
- **Role:** Leader of Bridge Four, former soldier
- **Key relationships:**
  - **Bridge Four:** Kaladin is deeply committed to their safety and morale.
  - **Teft:** Acts as a mentor in understanding Kaladin's powers.
- **Abilities/Powers:** Kaladin has an emerging ability to absorb Stormlight, hinting at potential as a Surgebinder.
- **Motivations/Goals:** Kaladin is driven by a desire to protect his men and find a way to escape their dire situation.
- **Character Arc (through Ch 60):**
  - **Starting point:** Struggling with the trauma and loss from past battles.
  - **Key moments:** Refusing Shards (Ch 51), leading and losing men in bridge runs (Ch 53, 57), discovering Surgebinding abilities (Ch 57, 59).
  - **Current state:** Conflicted about his powe...",unable to recognize that I've selected chapter 65
2025-12-03T04:53:37.576Z,user_3gl6lrdbcz5,The Way Of Kings,65,give me a quick recap of what happened at the tower in chapter 65,"I understand you're curious about Chapter 65, but I can't share specific details from that chapter since you've only read up to Chapter 60. If you'd like, I can recap the events leading up to that point or discuss the major characters and themes in the story so far. Just let me know what you're interested in!",v2.0,full,snapshot,7098,,plot,recap,,YES,YES,NO,notes_not_relevant,snapshot-60,,snapshot,YES,60,"Source: snapshot
Type: Knowledge Snapshot
Coverage: covering Chapters up to Chapter 60
Notes Length: 12814 chars
Chapters Found: snapshot-60
Chapters Missing: none

Preview (first 1000 chars):
# Knowledge Snapshot: Through Chapter 60

**Book:** The Way of Kings  
**Coverage:** Chapters 51-60  
**Safe for readers up to:** Chapter 60

---

## Major Characters (Introduced So Far)

### Kaladin
- **First appearance:** Chapter 51
- **Role:** Leader of Bridge Four, former soldier
- **Key relationships:**
  - **Bridge Four:** Kaladin is deeply committed to their safety and morale.
  - **Teft:** Acts as a mentor in understanding Kaladin's powers.
- **Abilities/Powers:** Kaladin has an emerging ability to absorb Stormlight, hinting at potential as a Surgebinder.
- **Motivations/Goals:** Kaladin is driven by a desire to protect his men and find a way to escape their dire situation.
- **Character Arc (through Ch 60):**
  - **Starting point:** Struggling with the trauma and loss from past battles.
  - **Key moments:** Refusing Shards (Ch 51), leading and losing men in bridge runs (Ch 53, 57), discovering Surgebinding abilities (Ch 57, 59).
  - **Current state:** Conflicted about his powe...",unable to recognize that I've selected chapter 65
2025-12-03T04:54:04.205Z,user_3gl6lrdbcz5,The Way Of Kings,65,give me a quick recap of what happened at the tower in chapter 65,"I can't provide details about Chapter 65 since you've only read up to Chapter 60. However, if you want, I can summarize what happened in the chapters leading to that point or discuss the characters and events leading up to it! Just let me know how you'd like to proceed.",v2.0,full,snapshot,7178,,plot,recap,,YES,YES,NO,notes_not_relevant,snapshot-60,,snapshot,YES,60,"Source: snapshot
Type: Knowledge Snapshot
Coverage: covering Chapters up to Chapter 60
Notes Length: 12814 chars
Chapters Found: snapshot-60
Chapters Missing: none

Preview (first 1000 chars):
# Knowledge Snapshot: Through Chapter 60

**Book:** The Way of Kings  
**Coverage:** Chapters 51-60  
**Safe for readers up to:** Chapter 60

---

## Major Characters (Introduced So Far)

### Kaladin
- **First appearance:** Chapter 51
- **Role:** Leader of Bridge Four, former soldier
- **Key relationships:**
  - **Bridge Four:** Kaladin is deeply committed to their safety and morale.
  - **Teft:** Acts as a mentor in understanding Kaladin's powers.
- **Abilities/Powers:** Kaladin has an emerging ability to absorb Stormlight, hinting at potential as a Surgebinder.
- **Motivations/Goals:** Kaladin is driven by a desire to protect his men and find a way to escape their dire situation.
- **Character Arc (through Ch 60):**
  - **Starting point:** Struggling with the trauma and loss from past battles.
  - **Key moments:** Refusing Shards (Ch 51), leading and losing men in bridge runs (Ch 53, 57), discovering Surgebinding abilities (Ch 57, 59).
  - **Current state:** Conflicted about his powe...",unable to recognize that I've selected chapter 65
2025-12-03T04:55:03.591Z,user_3gl6lrdbcz5,The Way Of Kings,66,give me a quick recap of what happened at the tower in chapter 65,"I can’t provide details from Chapter 65 since it goes beyond your current reading. However, I can help summarize events leading up to that chapter or discuss key characters and plot threads from earlier chapters if that would be helpful! Just let me know what you're interested in.",v2.0,full,snapshot,6955,,plot,recap,,YES,YES,NO,notes_not_relevant,snapshot-60,,snapshot,YES,60,"Source: snapshot
Type: Knowledge Snapshot
Coverage: covering Chapters up to Chapter 60
Notes Length: 12814 chars
Chapters Found: snapshot-60
Chapters Missing: none

Preview (first 1000 chars):
# Knowledge Snapshot: Through Chapter 60

**Book:** The Way of Kings  
**Coverage:** Chapters 51-60  
**Safe for readers up to:** Chapter 60

---

## Major Characters (Introduced So Far)

### Kaladin
- **First appearance:** Chapter 51
- **Role:** Leader of Bridge Four, former soldier
- **Key relationships:**
  - **Bridge Four:** Kaladin is deeply committed to their safety and morale.
  - **Teft:** Acts as a mentor in understanding Kaladin's powers.
- **Abilities/Powers:** Kaladin has an emerging ability to absorb Stormlight, hinting at potential as a Surgebinder.
- **Motivations/Goals:** Kaladin is driven by a desire to protect his men and find a way to escape their dire situation.
- **Character Arc (through Ch 60):**
  - **Starting point:** Struggling with the trauma and loss from past battles.
  - **Key moments:** Refusing Shards (Ch 51), leading and losing men in bridge runs (Ch 53, 57), discovering Surgebinding abilities (Ch 57, 59).
  - **Current state:** Conflicted about his powe...",
2025-12-03T04:56:03.807Z,user_3gl6lrdbcz5,The Way Of Kings,66,give me a quick recap of what happened at the tower,"I can’t share specifics about the events at the tower since it involves Chapter 65, which is beyond your current progress. However, if you’d like, I can summarize important events or themes from Chapters 51 to 60 that lead up to that moment. Just let me know what you’d prefer!",v2.0,full,snapshot,7036,,plot,recap,,YES,YES,NO,notes_not_relevant,snapshot-60,,snapshot,YES,60,"Source: snapshot
Type: Knowledge Snapshot
Coverage: covering Chapters up to Chapter 60
Notes Length: 12814 chars
Chapters Found: snapshot-60
Chapters Missing: none

Preview (first 1000 chars):
# Knowledge Snapshot: Through Chapter 60

**Book:** The Way of Kings  
**Coverage:** Chapters 51-60  
**Safe for readers up to:** Chapter 60

---

## Major Characters (Introduced So Far)

### Kaladin
- **First appearance:** Chapter 51
- **Role:** Leader of Bridge Four, former soldier
- **Key relationships:**
  - **Bridge Four:** Kaladin is deeply committed to their safety and morale.
  - **Teft:** Acts as a mentor in understanding Kaladin's powers.
- **Abilities/Powers:** Kaladin has an emerging ability to absorb Stormlight, hinting at potential as a Surgebinder.
- **Motivations/Goals:** Kaladin is driven by a desire to protect his men and find a way to escape their dire situation.
- **Character Arc (through Ch 60):**
  - **Starting point:** Struggling with the trauma and loss from past battles.
  - **Key moments:** Refusing Shards (Ch 51), leading and losing men in bridge runs (Ch 53, 57), discovering Surgebinding abilities (Ch 57, 59).
  - **Current state:** Conflicted about his powe...",
2025-12-03T04:56:53.637Z,user_3gl6lrdbcz5,The Way Of Kings,25,I really don't understand what Surgebinding is - help me understand it better,"Absolutely, Surgebinding can be a complex topic! Let’s break it down step by step.

**1. Short Version:**
Surgebinding is a magical system in the world of Roshar that allows certain individuals, called Radiants, to manipulate fundamental forces known as Surges. Each Radiant can access two specific Surges based on their order.

**2. What You've Seen in the Book:**
In Chapter 25, we see Kaladin beginning to understand his powers as a Windrunner. He has the ability to manipulate the Surge of Adhesion, which lets him bind objects together or even create pressure in the air. This is part of what makes him a unique character. 

You’ve also seen hints of how Shallan uses her powers of Lightweaving, which is another form of Surgebinding. She can create illusions, changing the appearance of objects and people around her.

**3. How to Think About Surgebinding:**
Think of Surgebinding like having a special toolkit where each tool (or Surge) represents a different power. Depending on your order, you might have access to different tools. For example, a Windrunner has a toolkit that includes the Surges of Adhesion and Gravitation, allowing them to manipulate both stickiness and gravity.

**4. Why It Matters:**
Surgebinding is central to the character development and plot. It shapes how characters like Kaladin and Shallan approach their challenges and interact with the world. Their ability to use these powers affects their relationships, decisions, and the larger conflicts in the story.

**5. What's Still Unknown:**
There are many mysteries surrounding Surgebinding that get explored later in the book. For example, the full extent of what each Radiant can do and how their powers evolve is a key aspect of the story.

**6. Want to Explore This Further?** I can:
- Walk through specific scenes where Kaladin or Shallan uses their Surgebinding in detail.
- Explain how Surgebinding connects to the overarching themes of the book.
- Discuss the different orders of Radiants and their unique Surges.

Let me know what you'd like to dive into!",v2.0,full,2,4352,,clarification,relationship,Surgebinding,NO,NO,NO,no_notes_available,,"24,25",individual_chapters,NO,,"Source: individual_chapters
Type: Chapter Notes
Coverage: for chapters 25
Notes Length: 0 chars
Chapters Found: none
Chapters Missing: 24, 25

Preview (first 1000 chars):
no context","1. ""In Chapter 25, we see Kaladin beginning to understand his powers as a Windrunner.""  - this is incorrect as chapter 25 is actually a flahsback chapter

2. wouold have expected knowledge snapshot to be used for this respones?

3. data (column R) says no_notes_available which is hard to believe"
2025-12-03T05:00:54.526Z,user_3gl6lrdbcz5,The Way Of Kings,45,Can you explain what Shadesmar is? I'm confused about the whole cognitive realm thing,"Absolutely! This is a pretty complex topic, so let’s break it down together.

**Short Version:**
Shadesmar is the Cognitive Realm of Roshar, a parallel universe where thoughts and ideas take on physical form. It serves as a bridge between the physical world (where we see the characters) and the spiritual realm.

**What You've Seen in the Book:**
In Chapter 45, we haven't directly visited Shadesmar yet, but we do get hints about it through the interactions of characters with spren and the nature of their powers. For example, when characters like Shallan and Szeth use their abilities, there's a deeper connection to the Cognitive Realm at play, as spren embody ideas and emotions.

**How to Think About It:**
Think of Shadesmar like a dream world where the concepts and feelings that exist in the minds of people manifest into something tangible. If the Physical Realm is the world we see and touch, the Cognitive Realm is like the underlying thoughts and emotions that shape reality. It’s almost like how a web connects various nodes; Shadesmar connects all thoughts, ideas, and realities together.

**Why It Matters:**
Shadesmar is crucial for understanding the nature of spren, magic, and the relationships between characters. As the story unfolds, characters will navigate back and forth between these realms, and their experiences in Shadesmar will influence their actions in the physical world. This connection is key to the development of the magic system and the characters’ growth.

**What's Still Unknown:**
- We don’t get a full picture of how Shadesmar works until later in the series.
- The specifics of how characters can interact with it are still mysterious at this point.

**Want to Explore This Further?** I can:
- Dive deeper into how spren relate to the Cognitive Realm.
- Explain the different types of spren and their importance.
- Discuss how understanding Shadesmar impacts character abilities and conflicts. 

Let me know what interests you!",v2.0,full,2,4312,,clarification,worldbuilding,"Can, Shadesmar, I'm",NO,NO,NO,no_notes_available,,"44,45",individual_chapters,NO,,"Source: individual_chapters
Type: Chapter Notes
Coverage: for chapters 45
Notes Length: 0 chars
Chapters Found: none
Chapters Missing: 44, 45

Preview (first 1000 chars):
no context","1. strong answer

2. data appears to be messed up as again says no notes available"
2025-12-03T05:03:37.346Z,user_3gl6lrdbcz5,The Way Of Kings,57,I don't understand spren at all - what are they and how do they work?,"Totally fair to be confused about spren; they can be a complex part of the world-building in *The Way of Kings*! Let’s break it down.

**1. Short Version:**
Spren are manifestations of human emotions, natural phenomena, or concepts in the world of Roshar. They are like living representations of ideas or feelings, and they can interact with the physical world in unique ways.

**2. What You've Seen in the Book:**
In Chapter 57, we see further interaction with spren through different characters. For example, Kaladin’s bond with Sylphrena (often just called Syl) illustrates how spren can form connections with humans, influencing their abilities and actions. Syl, as a honorspren, reflects Kaladin's sense of honor and duty.

**3. How to Think About Spren:**
Think of spren like emotions made visible and intelligent. When someone feels a strong emotion like fear or joy, a spren associated with that emotion can appear. They can also be linked to physical phenomena, like how a wind spren might appear when the wind blows.

**4. Why It Matters:**
Spren are crucial because they are tied to the magic system in Roshar, particularly the abilities of the Knights Radiant. The bond between a person and a spren allows them to access powers, like the ability to manipulate light or create illusions. This bond is built on mutual respect and understanding, which is central to character development.

**5. What's Still Unknown:**
- The full range of different types of spren and their powers is still being explored.
- The deeper implications of these bonds, especially how they affect character growth and the broader conflict in the story.

**6. Want to Know More?**
I can:
- Explain how different characters interact with their spren.
- Dive into the different types of spren and their roles.
- Discuss how spren relate to the overall magic system in Roshar.

Let me know what you'd like to explore!",v2.0,full,2,4322,,clarification,relationship,,NO,NO,NO,no_notes_available,,"56,57",individual_chapters,NO,,"Source: individual_chapters
Type: Chapter Notes
Coverage: for chapters 57
Notes Length: 0 chars
Chapters Found: none
Chapters Missing: 56, 57

Preview (first 1000 chars):
no context","1. correct response structure, weak answer. There is so much more depth to explain on Spren

2. again data is broken as no notes available and not using snapshots"
2025-12-03T05:49:06.347Z,user_3gl6lrdbcz5,The Way Of Kings,5,Who is Shallan?,"Shallan Davar is a key character introduced in ""The Way of Kings,"" particularly in Chapter 5. Here’s a concise overview:

- **Background**: Shallan is a young woman from a noble family that has fallen into financial ruin. She seeks to become the ward of Jasnah Kholin, an Alethi scholar and princess, primarily to steal her Soulcaster—a magical device that can transform materials—so she can help save her family.

- **Personality**: Shallan is resourceful, determined, and clever. Despite her talents in drawing and the feminine arts, she struggles with knowledge in history and philosophy, which becomes a point of contention during her meeting with Jasnah.

- **Events in Chapter 5**: In this chapter, Shallan first meets Jasnah and attempts to petition her to become her ward. Their conversation reveals Shallan's strengths and weaknesses, and ultimately, Jasnah rejects her due to her lack of knowledge. Shallan resolves to continue pursuing Jasnah, showcasing her determination and hinting at her ulterior motives.

If you want to know more about her character arc or specific moments, feel free to ask!",v2.0,full,2,4293,,character,none,Shallan?,YES,YES,YES,notes_used,"4,5",,individual_chapters,NO,,"Source: individual_chapters
Type: Chapter Notes
Coverage: for chapters 4, 5
Notes Length: 14530 chars
Chapters Found: 4, 5
Chapters Missing: none

Preview (first 1000 chars):
⚠️ CRITICAL: Check the ""IF ASKED"" sections below FIRST - these contain pre-written Q&As that should form the foundation of your answer.



--- ## Quotes / Memorable Lines
> ""I'm dying, aren't I? Healer, why do you take my blood?""  
> — Epigraph, sets a tone of mystery and foreboding. - ""IF ASKED"" NOTES (HIGHEST PRIORITY) ---
## Rowan's ""If Asked"" Notes

**Q: Why does Tvlakv ask Kaladin for help with directions?**  
A: Tvlakv knows Kaladin was a soldier and assumes he has knowledge of the land, hoping to use him to navigate.

**Q: What is the significance of Kaladin tearing the map?**  
A: It symbolizes his defiance and refusal to help those he sees as oppressors, reflecting his inner turmoil.

**Q: How does Tvlakv know about Kaladin's past with Amaram?**  
A: Tvlakv likely gathered information through his dealings, which he uses to manipulate Kaladin's situation.

**Q: Why is Sylphrena important to Kaladin?**  
A: Sylphrena provides companionship and unique insights, helping Kaladin ma...",
2025-12-03T05:49:55.998Z,user_3gl6lrdbcz5,The Way Of Kings,8,Where does Shallan first meet Jasnah?,"Shallan first meets Jasnah in the Palanaeum in Kharbranth during Chapter 7, ""Anything Reasonable."" Shallan is waiting in Jasnah's reading alcove, hoping to convince her to accept Shallan as her ward. Their initial interaction involves Shallan being scolded for trespassing, but it quickly becomes a pivotal moment in her pursuit of knowledge and mentorship. If you have any other questions about their meeting or the context around it, feel free to ask!",v2.0,full,2,4129,,location,none,"Shallan, Jasnah?",YES,YES,YES,notes_used,"7,8",,individual_chapters,NO,,"Source: individual_chapters
Type: Chapter Notes
Coverage: for chapters 7, 8
Notes Length: 15164 chars
Chapters Found: 7, 8
Chapters Missing: none

Preview (first 1000 chars):
⚠️ CRITICAL: Check the ""IF ASKED"" sections below FIRST - these contain pre-written Q&As that should form the foundation of your answer.



--- ## Quotes / Memorable Lines
> ""They are aflame. They burn. They bring the darkness when they come, and so all you can see is that their skin is aflame. Burn, burn, burn..."" — Epigraph, possibly hinting at larger thematic elements. - ""IF ASKED"" NOTES (HIGHEST PRIORITY) ---
## Rowan's ""If Asked"" Notes

**Q: Why is Shallan so desperate to become Jasnah's ward?**
A: Shallan's family is in financial jeopardy following her father's death. She believes that studying under Jasnah, a renowned scholar, could provide her with the means to save her family.

**Q: What is Kabsal's interest in Jasnah?**
A: Kabsal, an ardent, is attempting to convert Jasnah to Vorinism. His interest is likely due to her influence and public atheism, which contrasts with the prevalent religious beliefs.

**Q: Why is Jasnah displeased when she finds Shallan?**
A: Jasnah likely di...",
2025-12-03T05:50:53.941Z,user_3gl6lrdbcz5,The Way Of Kings,10,What happened to Kaladin's brother?,"It’s completely understandable to want clarity on Kaladin's brother, Tien. In Chapter 10, there's a flashback that gives us insight into their relationship and Tien's fate.

Kaladin remembers Tien as a bright and hopeful boy who aspired to be a surgeon, just like their father. Unfortunately, Tien died during a battle, a loss that weighs heavily on Kaladin. He feels a deep sense of guilt and sorrow, believing that he failed to protect his brother, which contributes to his overall despair.

This moment is crucial for understanding Kaladin's motivations and the emotional burden he carries. If you'd like to discuss more about how this impacts his character or any other related themes, feel free to ask!",v2.0,full,snapshot,8138,,plot,none,Kaladin's,YES,YES,NO,notes_not_relevant,snapshot-10,,snapshot,YES,10,"Source: snapshot
Type: Knowledge Snapshot
Coverage: covering Chapters up to Chapter 10
Notes Length: 16427 chars
Chapters Found: snapshot-10
Chapters Missing: none

Preview (first 1000 chars):
# Knowledge Snapshot: Through Chapter 10

**Book:** The Way of Kings  
**Coverage:** Chapters 1-10  
**Safe for readers up to:** Chapter 10

---

## Major Characters (Introduced So Far)

### Kaladin Stormblessed
- **First appearance:** Chapter 1
- **Role:** Former soldier, now a slave in a bridge crew in Sadeas's warcamp
- **Physical description:** Not extensively described in these chapters
- **Key relationships:**
  - **Sylphrena (Syl):** A windspren who accompanies and interacts with Kaladin, showing curiosity and concern for him.
  - **Tvlakv:** Slave trader who captured Kaladin, views him as a valuable slave.
  - **Gaz:** Kaladin's immediate supervisor in the bridge crew, whom Kaladin dislikes.
- **Abilities/Powers:** Previously demonstrated skill in combat and leadership; potential connection to Syl hints at deeper powers.
- **Motivations/Goals:** Struggles with maintaining hope and purpose; desires to protect others and survive.
- **Character Arc (through Ch 10):**
  - **Startin...",
2025-12-03T06:37:49.460Z,user_3gl6lrdbcz5,The Way Of Kings,5,Who is Shallan?,"Shallan Davar is a prominent character in ""The Way of Kings,"" introduced in Chapter 5. Here's a concise look at her:

- **Noble Background**: Shallan comes from a noble family that is struggling financially, which drives her to seek out ways to restore her family's fortunes.

- **Meeting with Jasnah**: She aims to become the ward of Jasnah Kholin, an influential scholar. Shallan's true motive is to steal Jasnah's Soulcaster, a magical device that can transform materials, to help her family.

- **Character Traits**: Shallan is intelligent, determined, and has artistic talent, particularly in drawing. However, she is also aware of her educational deficiencies, particularly in history and philosophy, which play a role in her interactions with Jasnah.

- **Key Events in Chapter 5**: Shallan meets Jasnah and is surprised when Jasnah offers to hear her petition, leading to a discussion about her education. Despite her hopes, Jasnah ultimately rejects her as a ward, but Shallan is resolute and plans to continue pursuing her goals.

If you have more questions about Shallan or her journey, feel free to ask!",v2.0,full,2,4547,,character,none,Shallan?,YES,YES,YES,notes_used,"4,5",,individual_chapters,NO,,"Source: individual_chapters
Type: Chapter Notes
Coverage: for chapters 4, 5
Notes Length: 14530 chars
Chapters Found: 4, 5
Chapters Missing: none

Preview (first 1000 chars):
⚠️ CRITICAL: Check the ""IF ASKED"" sections below FIRST - these contain pre-written Q&As that should form the foundation of your answer.



--- ## Quotes / Memorable Lines
> ""I'm dying, aren't I? Healer, why do you take my blood?""  
> — Epigraph, sets a tone of mystery and foreboding. - ""IF ASKED"" NOTES (HIGHEST PRIORITY) ---
## Rowan's ""If Asked"" Notes

**Q: Why does Tvlakv ask Kaladin for help with directions?**  
A: Tvlakv knows Kaladin was a soldier and assumes he has knowledge of the land, hoping to use him to navigate.

**Q: What is the significance of Kaladin tearing the map?**  
A: It symbolizes his defiance and refusal to help those he sees as oppressors, reflecting his inner turmoil.

**Q: How does Tvlakv know about Kaladin's past with Amaram?**  
A: Tvlakv likely gathered information through his dealings, which he uses to manipulate Kaladin's situation.

**Q: Why is Sylphrena important to Kaladin?**  
A: Sylphrena provides companionship and unique insights, helping Kaladin ma...",
2025-12-03T06:38:28.928Z,user_3gl6lrdbcz5,The Way Of Kings,8,Where does Shallan first meet Jasnah?,"Shallan first meets Jasnah in Chapter 7, ""Anything Reasonable,"" at the Palanaeum in Kharbranth. While waiting in Jasnah's reading alcove, Shallan hopes to persuade Jasnah to take her on as a ward. Their interaction begins with Jasnah scolding Shallan for being there without permission, but it quickly evolves into a significant moment as Shallan tries to discuss her motivations and ambitions with Jasnah. If you want to explore more about their relationship or the setting, just let me know!",v2.0,full,2,4255,,location,none,"Shallan, Jasnah?",YES,YES,YES,notes_used,"7,8",,individual_chapters,NO,,"Source: individual_chapters
Type: Chapter Notes
Coverage: for chapters 7, 8
Notes Length: 15164 chars
Chapters Found: 7, 8
Chapters Missing: none

Preview (first 1000 chars):
⚠️ CRITICAL: Check the ""IF ASKED"" sections below FIRST - these contain pre-written Q&As that should form the foundation of your answer.



--- ## Quotes / Memorable Lines
> ""They are aflame. They burn. They bring the darkness when they come, and so all you can see is that their skin is aflame. Burn, burn, burn..."" — Epigraph, possibly hinting at larger thematic elements. - ""IF ASKED"" NOTES (HIGHEST PRIORITY) ---
## Rowan's ""If Asked"" Notes

**Q: Why is Shallan so desperate to become Jasnah's ward?**
A: Shallan's family is in financial jeopardy following her father's death. She believes that studying under Jasnah, a renowned scholar, could provide her with the means to save her family.

**Q: What is Kabsal's interest in Jasnah?**
A: Kabsal, an ardent, is attempting to convert Jasnah to Vorinism. His interest is likely due to her influence and public atheism, which contrasts with the prevalent religious beliefs.

**Q: Why is Jasnah displeased when she finds Shallan?**
A: Jasnah likely di...",
2025-12-03T06:47:26.835Z,test,The Way of Kings,8,Where does Shallan first meet Jasnah?,"Shallan first meets Jasnah Kholin in Chapter 5, titled ""Heretic."" In this chapter, Shallan observes Jasnah while she is engaged in conversation with King Taravangian in Kharbranth. Initially, Shallan feels nervous and unsure about approaching Jasnah, but she is eventually called back by Jasnah, which leads to a pivotal discussion about Shallan's desire to become her ward. 

Would you like to explore more about their interaction or Shallan's motivations?",v2.0,full,8,19430,,location,none,"Shallan, Jasnah?",YES,YES,YES,notes_used,"Prologue,1,2,3,4,5,6,7,8",,individual_chapters,NO,,"Source: individual_chapters
Type: Chapter Notes
Coverage: for chapters 1, 2, 3, 4, 5, 6, 7, 8
Notes Length: 64937 chars
Chapters Found: Prologue, 1, 2, 3, 4, 5, 6, 7, 8
Chapters Missing: none

Preview (first 1000 chars):
⚠️ CRITICAL: Check the ""IF ASKED"" sections below FIRST - these contain pre-written Q&As that should form the foundation of your answer.



--- ## Quotes / Memorable Lines
> ""You must take this. They must not get it.""
> — Gavilar Kholin, referring to the black sphere - ""IF ASKED"" NOTES (HIGHEST PRIORITY) ---
## Rowan's ""If Asked"" Notes

**Q: What is Surgebinding and how does Szeth use it?**
A: Surgebinding is a magical ability that allows the manipulation of natural forces. Szeth uses it to walk on walls and manipulate gravity, aiding him in his assassination mission.

**Q: Why is Szeth called ""Truthless""?**
A: In Shinovar, being ""Truthless"" is a severe punishment, indicating Szeth has been cast out and must follow orders without question, regardless of personal morality.

**Q: What is the significance of the black sphere?**
A: The black sphere is mysterious and its purpose is not yet revealed, but it is significant enough for King Gavilar to entrust it to Szeth with his dying breath.

...",
2025-12-03T06:48:17.551Z,user_3gl6lrdbcz5,The Way Of Kings,5,Who is Shallan?,"Shallan Davar is a central character in ""The Way of Kings,"" and we see her first in Chapter 5. Here's a detailed look at who she is:

- **Noble Heritage**: Shallan comes from House Davar, a once-prominent family that has fallen into financial distress after her father's death. This situation drives her to seek out opportunities to restore her family's fortunes.

- **Goal**: She aims to become the ward of Jasnah Kholin, a renowned scholar and member of the Alethi royal family. Shallan hopes that aligning herself with Jasnah will provide her access to knowledge and resources that could save her family.

- **Character Traits**: Shallan is portrayed as intelligent and resourceful, with a talent for drawing. However, she also grapples with feelings of inadequacy, particularly in her knowledge of history and philosophy, which becomes a point of contention during her meeting with Jasnah.

- **Key Events in Chapter 5**: In this chapter, Shallan meets Jasnah and observes her interaction with King Taravangian. Jasnah offers to hear Shallan's petition but ultimately rejects her due to her lack of educational background. Despite this setback, Shallan is determined to continue pursuing Jasnah, revealing her resilience and hidden intentions to steal the Soulcaster that Jasnah possesses.

If you're curious about specific aspects of Shallan's character or her journey, just let me know!",v2.0,full,5,15058,,character,none,Shallan?,YES,YES,YES,notes_used,"Prologue,1,2,3,4,5",,individual_chapters,NO,,"Source: individual_chapters
Type: Chapter Notes
Coverage: for chapters 1, 2, 3, 4, 5
Notes Length: 41975 chars
Chapters Found: Prologue, 1, 2, 3, 4, 5
Chapters Missing: none

Preview (first 1000 chars):
⚠️ CRITICAL: Check the ""IF ASKED"" sections below FIRST - these contain pre-written Q&As that should form the foundation of your answer.



--- ## Quotes / Memorable Lines
> ""You must take this. They must not get it.""
> — Gavilar Kholin, referring to the black sphere - ""IF ASKED"" NOTES (HIGHEST PRIORITY) ---
## Rowan's ""If Asked"" Notes

**Q: What is Surgebinding and how does Szeth use it?**
A: Surgebinding is a magical ability that allows the manipulation of natural forces. Szeth uses it to walk on walls and manipulate gravity, aiding him in his assassination mission.

**Q: Why is Szeth called ""Truthless""?**
A: In Shinovar, being ""Truthless"" is a severe punishment, indicating Szeth has been cast out and must follow orders without question, regardless of personal morality.

**Q: What is the significance of the black sphere?**
A: The black sphere is mysterious and its purpose is not yet revealed, but it is significant enough for King Gavilar to entrust it to Szeth with his dying breath.

...",
2025-12-03T06:48:46.699Z,user_3gl6lrdbcz5,The Way Of Kings,8,Where does Shallan first meet Jasnah?,"Shallan first meets Jasnah in Chapter 5, titled ""Heretic."" In this chapter, Shallan observes Jasnah speaking with King Taravangian before Jasnah signals for her to follow. This meeting is significant as Shallan hopes to become Jasnah's ward, which is central to her plans to help her family. If you’d like to discuss their conversation or Shallan's motivations further, just let me know!",v2.0,full,8,16576,,location,none,"Shallan, Jasnah?",YES,YES,YES,notes_used,"Prologue,1,2,3,4,5,6,7,8",,individual_chapters,NO,,"Source: individual_chapters
Type: Chapter Notes
Coverage: for chapters 1, 2, 3, 4, 5, 6, 7, 8
Notes Length: 64937 chars
Chapters Found: Prologue, 1, 2, 3, 4, 5, 6, 7, 8
Chapters Missing: none

Preview (first 1000 chars):
⚠️ CRITICAL: Check the ""IF ASKED"" sections below FIRST - these contain pre-written Q&As that should form the foundation of your answer.



--- ## Quotes / Memorable Lines
> ""You must take this. They must not get it.""
> — Gavilar Kholin, referring to the black sphere - ""IF ASKED"" NOTES (HIGHEST PRIORITY) ---
## Rowan's ""If Asked"" Notes

**Q: What is Surgebinding and how does Szeth use it?**
A: Surgebinding is a magical ability that allows the manipulation of natural forces. Szeth uses it to walk on walls and manipulate gravity, aiding him in his assassination mission.

**Q: Why is Szeth called ""Truthless""?**
A: In Shinovar, being ""Truthless"" is a severe punishment, indicating Szeth has been cast out and must follow orders without question, regardless of personal morality.

**Q: What is the significance of the black sphere?**
A: The black sphere is mysterious and its purpose is not yet revealed, but it is significant enough for King Gavilar to entrust it to Szeth with his dying breath.

...",
2025-12-03T06:49:07.694Z,user_3gl6lrdbcz5,The Way Of Kings,10,What happened to Kaladin's brother?,"It’s completely normal to want to revisit details about Kaladin's brother, Tien. In Chapter 10, we get a poignant flashback that reveals more about their bond and Tien's tragic fate.

Kaladin recalls that Tien, who was younger than him, had dreams of becoming a surgeon like their father. Unfortunately, Tien died during a battle, which devastated Kaladin. This loss is a significant source of guilt and sorrow for Kaladin, as he feels responsible for not being able to protect him.

This memory is key to understanding Kaladin's character and his struggles with despair and responsibility. If you want to explore how this affects Kaladin further or discuss any related themes, just let me know!",v2.0,full,snapshot,8623,,plot,none,Kaladin's,YES,YES,NO,notes_not_relevant,snapshot-10,,snapshot,YES,10,"Source: snapshot
Type: Knowledge Snapshot
Coverage: covering Chapters up to Chapter 10
Notes Length: 16427 chars
Chapters Found: snapshot-10
Chapters Missing: none

Preview (first 1000 chars):
# Knowledge Snapshot: Through Chapter 10

**Book:** The Way of Kings  
**Coverage:** Chapters 1-10  
**Safe for readers up to:** Chapter 10

---

## Major Characters (Introduced So Far)

### Kaladin Stormblessed
- **First appearance:** Chapter 1
- **Role:** Former soldier, now a slave in a bridge crew in Sadeas's warcamp
- **Physical description:** Not extensively described in these chapters
- **Key relationships:**
  - **Sylphrena (Syl):** A windspren who accompanies and interacts with Kaladin, showing curiosity and concern for him.
  - **Tvlakv:** Slave trader who captured Kaladin, views him as a valuable slave.
  - **Gaz:** Kaladin's immediate supervisor in the bridge crew, whom Kaladin dislikes.
- **Abilities/Powers:** Previously demonstrated skill in combat and leadership; potential connection to Syl hints at deeper powers.
- **Motivations/Goals:** Struggles with maintaining hope and purpose; desires to protect others and survive.
- **Character Arc (through Ch 10):**
  - **Startin...",
2025-12-03T07:00:18.236Z,user_3gl6lrdbcz5,The Way Of Kings,8,Where does Shallan first meet Jasnah?,"Shallan first meets Jasnah in Chapter 5, ""Heretic,"" in Kharbranth. During this chapter, Shallan observes Jasnah while she is speaking with King Taravangian. Shallan is nervous but hopeful about her chances of becoming Jasnah's ward, which is crucial for her plans to save her family from financial ruin. If you want to dive deeper into their interaction or discuss Shallan's motivations, feel free to ask!",v2.0,full,8,20400,,location,none,"Shallan, Jasnah?",YES,YES,YES,notes_used,"Prologue,1,2,3,4,5,6,7,8",,individual_chapters,NO,,"Source: individual_chapters
Type: Chapter Notes
Coverage: for chapters 1, 2, 3, 4, 5, 6, 7, 8
Notes Length: 64937 chars
Chapters Found: Prologue, 1, 2, 3, 4, 5, 6, 7, 8
Chapters Missing: none

Preview (first 1000 chars):
⚠️ CRITICAL: Check the ""IF ASKED"" sections below FIRST - these contain pre-written Q&As that should form the foundation of your answer.



--- ## Quotes / Memorable Lines
> ""You must take this. They must not get it.""
> — Gavilar Kholin, referring to the black sphere - ""IF ASKED"" NOTES (HIGHEST PRIORITY) ---
## Rowan's ""If Asked"" Notes

**Q: What is Surgebinding and how does Szeth use it?**
A: Surgebinding is a magical ability that allows the manipulation of natural forces. Szeth uses it to walk on walls and manipulate gravity, aiding him in his assassination mission.

**Q: Why is Szeth called ""Truthless""?**
A: In Shinovar, being ""Truthless"" is a severe punishment, indicating Szeth has been cast out and must follow orders without question, regardless of personal morality.

**Q: What is the significance of the black sphere?**
A: The black sphere is mysterious and its purpose is not yet revealed, but it is significant enough for King Gavilar to entrust it to Szeth with his dying breath.

...",
2025-12-03T16:01:58.748Z,user_3gl6lrdbcz5,Dawnshard,19,I really don't understand what dawnshards are - help me understand them better,"Absolutely! Dawnshards can be a bit tricky to grasp, so let’s break it down step-by-step.

**Short Version:**
Dawnshards are ancient cosmic commands that hold immense power and can manipulate reality itself. They are central to the larger conflict in the story.

**1. What you've seen in the book:**
In Chapter 16, we see Rysn become bonded to a Dawnshard. This moment is significant because it not only grants her power but also places her in a vital role as the protector of this ancient force. In Chapter 19, we learn that Rysn vows to keep the Dawnshard hidden from those who might misuse it, highlighting its importance and the stakes involved.

**2. How to think about Dawnshards:**
Think of Dawnshards as ancient commands that can instruct the universe itself. They are like powerful tools that can reshape reality, much like how a master key can unlock many doors. However, with great power comes great responsibility, and those who hold a Dawnshard must navigate the complexities and dangers that accompany it.

**3. Why it matters:**
Dawnshards add a layer of urgency to Rysn's quest. By becoming the bearer of a Dawnshard, she is not just on a treasure hunt; she is now involved in a much larger cosmic struggle that could have far-reaching consequences for herself and her crew.

**4. What's still unknown:**
While we know Rysn is bonded to a Dawnshard, the full extent of what that means, the nature of other Dawnshards, and their history are still shrouded in mystery. This keeps the reader intrigued about their potential and implications for the ongoing story.

**Want to explore this further?** I can:
- Walk through Rysn's bonding scene in Chapter 16 step-by-step.
- Explain how Dawnshards relate to other magical systems in the series.
- Discuss the implications of Rysn’s role as a protector of the Dawnshard.

Let me know what you’d like to dive into!",v2.0,full,2,10041,,clarification,relationship,,YES,YES,YES,notes_used,"18,19",,individual_chapters,NO,,"Source: individual_chapters
Type: Chapter Notes
Coverage: for chapters 18, 19
Notes Length: 14609 chars
Chapters Found: 18, 19
Chapters Missing: none

Preview (first 1000 chars):
⚠️ CRITICAL: Check the ""IF ASKED"" sections below FIRST - these contain pre-written Q&As that should form the foundation of your answer.



--- ## Quotes / Memorable Lines - ""IF ASKED"" NOTES (HIGHEST PRIORITY) ---
## Rowan's ""If Asked"" Notes

**Q: What happens to Lopen?**  
A: The Windrunners continue to fight the large hordeling, trying to buy time for the crew to escape. However, specialized hordelings arrive and drain the Stormlight from Lopen, rendering him unable to use Lashings. Lopen falls to the ground and breaks his leg. This is the same type of creature that drained Leyten's Stormlight.

**Q: What does Huio do?**  
A: In order to protect his cousin, Huio swears the Third Ideal and summons Caelinora as a Shardhammer. This is a major moment—Huio advances as a Radiant and gains the ability to summon his spren as a weapon. The Third Ideal is typically about protecting those who cannot protect themselves.

**Q: What does Nikli explain?**  
A: Nikli refuses to negotiate with Rysn, i...",
2025-12-03T16:10:03.531Z,user_3gl6lrdbcz5,Rhythm Of War,115,explain what is going on with kalidan,"Totally fair to be curious about Kaladin! He’s gone through quite a journey in ""Rhythm of War"" so far.

**Current Situation:**
As of Chapter 115, Kaladin is deeply affected by the ongoing conflict, particularly the battle for Urithiru. He’s been hiding and trying to protect the people there from occupation forces, which has taken a toll on him both emotionally and physically. 

**Key Points:**
1. **Emotional Struggles:** Kaladin is grappling with feelings of exhaustion and inadequacy. His past traumas and the weight of leadership are becoming overwhelming, especially as he faces enemies like Moash, who was once a close friend.
   
2. **Recent Conflicts:** In Chapter 105, Kaladin confronts Lezian (The Pursuer) in a significant battle. This encounter showcases his skills as a Windrunner but also highlights his mental state. He’s fighting not just for survival but to hold onto his sense of purpose.

3. **Role in the Coalition:** Kaladin’s focus is on protecting Urithiru and its inhabitants. He’s trying to navigate the pressures of leadership while dealing with his personal demons, which are intensified by the stakes of the war against Odium.

4. **Physical and Mental Exhaustion:** By Chapter 107, you can see that the battles and internal conflicts are weighing heavily on him, affecting his ability to lead and fight effectively.

These elements combine to create a complex picture of Kaladin, where his heroic qualities are tested by the harsh realities of war and personal loss.

**Want to explore this further?** I can:
- Walk through Kaladin's confrontation with Lezian in Chapter 105 step-by-step.
- Discuss how Kaladin's relationship with Moash impacts his journey.
- Recap how Kaladin's past experiences shape his actions in the current conflict.
- Analyze Kaladin's role in the coalition and what it means for his character development.",v2.0,full,snapshot,8059,,worldbuilding,character,,YES,YES,YES,notes_used,snapshot-107,,snapshot,YES,107,"Source: snapshot
Type: Knowledge Snapshot
Coverage: covering Chapters up to Chapter 107
Notes Length: 13001 chars
Chapters Found: snapshot-107
Chapters Missing: none

Preview (first 1000 chars):
# Knowledge Snapshot: Through Chapter 107

**Book:** Rhythm of War  
**Coverage:** Chapters 98-107  
**Safe for readers up to:** Chapter 107

---

## Major Characters (Introduced So Far)

### Dalinar Kholin
- **First appearance:** Chapter 98
- **Role:** Highprince of Alethkar, Bondsmith
- **Key relationships:**
  - **Jasnah Kholin:** Niece, political ally in discussions about the war
  - **Taravangian:** Former ally, now a figure of contemplation due to his advice
- **Motivations/Goals:** Seeks to end the war with Odium and unite Roshar
- **Character Arc (through Ch 107):**
  - **Starting point:** Commanding coalition forces on the Emuli front
  - **Key moments:** Reflects on past battles and receives advice from Taravangian
  - **Current state:** Strategizing on how to handle the ongoing conflict with Odium
- **Key scenes/chapters:** Chapter 98, 101

### Jasnah Kholin
- **First appearance:** Chapter 99
- **Role:** Queen of Alethkar, scholar
- **Key relationships:**
  - **Wit (Hoid):**...",
2025-12-03T16:11:00.576Z,user_3gl6lrdbcz5,Rhythm Of War,115,yes - let's Analyze Kaladin's role in the coalition and what it means for his character development.,"Great choice! Kaladin's role in the coalition is pivotal, and it reflects his growth as a character throughout ""Rhythm of War.""

**1. Leadership and Responsibility:**
Kaladin has always been a protector, but his position within the coalition emphasizes leadership on a larger scale. As a Windrunner, he feels a responsibility not only to his friends but also to the people of Urithiru and the broader conflict against Odium. This role challenges him to balance his instincts to protect with the need to make strategic decisions that might put him at risk.

**2. Internal Conflict:**
Kaladin’s leadership is complicated by his emotional struggles. He’s dealing with feelings of failure, especially regarding his past trauma and the loss of friends, like Teft. These feelings manifest as self-doubt, making it difficult for him to step into the role of a confident leader. His journey shows how the burden of leadership can weigh heavily on someone who is already grappling with mental health issues.

**3. Growth Through Challenges:**
Facing challenges, such as the confrontation with Lezian, pushes Kaladin to grow. In Chapter 105, he demonstrates his ability to adapt and use his powers creatively, which shows his development as a fighter and as a leader. He learns to rely on his allies, like Teft and Syl, which signifies a shift from his earlier tendencies to shoulder burdens alone.

**4. The Impact of Relationships:**
Kaladin's interactions with characters like Moash and Teft are crucial. His conflict with Moash represents a betrayal that deeply affects him, highlighting the theme of friendship and loyalty. Meanwhile, his bond with Teft, who embodies support and camaraderie, helps Kaladin navigate his struggles. These relationships shape his understanding of what it means to lead and protect.

**5. A Symbol of Hope:**
Despite his struggles, Kaladin symbolizes hope for many in the coalition. His commitment to protecting others inspires those around him. As he grapples with his own demons, he also serves as a reminder of resilience and the potential for redemption, not just for himself but for others who have faced hardships.

**Conclusion:**
Kaladin's role in the coalition is not just about fighting Odium; it's also a personal journey of growth, confronting his past, and learning to embrace leadership. His development reflects broader themes of sacrifice, mental health, and the complexities of heroism. By navigating these challenges, Kaladin becomes a more nuanced character, showing that even the strongest heroes can struggle with their inner battles.

**Want to explore this further?** I can:
- Break down specific scenes from Kaladin's confrontations and their significance.
- Discuss how Kaladin's relationships evolve throughout the book.
- Analyze specific moments that highlight his growth as a leader.",v2.0,full,snapshot,18588,,relationship,character,"Analyze, Kaladin's",YES,YES,YES,notes_used,"snapshot-107,112,113,114,115",,snapshot+chapters,YES,107,"Source: snapshot+chapters
Type: Knowledge Snapshot + Recent Chapters
Coverage: Snapshot covering Chapters up to Chapter 107 + recent chapter details
Notes Length: 52093 chars
Chapters Found: snapshot-107, 112, 113, 114, 115
Chapters Missing: none

Preview (first 1000 chars):
# Knowledge Snapshot: Through Chapter 107

**Book:** Rhythm of War  
**Coverage:** Chapters 98-107  
**Safe for readers up to:** Chapter 107

---

## Major Characters (Introduced So Far)

### Dalinar Kholin
- **First appearance:** Chapter 98
- **Role:** Highprince of Alethkar, Bondsmith
- **Key relationships:**
  - **Jasnah Kholin:** Niece, political ally in discussions about the war
  - **Taravangian:** Former ally, now a figure of contemplation due to his advice
- **Motivations/Goals:** Seeks to end the war with Odium and unite Roshar
- **Character Arc (through Ch 107):**
  - **Starting point:** Commanding coalition forces on the Emuli front
  - **Key moments:** Reflects on past battles and receives advice from Taravangian
  - **Current state:** Strategizing on how to handle the ongoing conflict with Odium
- **Key scenes/chapters:** Chapter 98, 101

### Jasnah Kholin
- **First appearance:** Chapter 99
- **Role:** Queen of Alethkar, scholar
- **Key relationships:**
  - **Wit (Hoid):**...",
2025-12-03T16:13:10.558Z,user_3gl6lrdbcz5,Rhythm Of War,115,Discuss how Kaladin's relationships evolve throughout the book.,"Absolutely! Kaladin's relationships are central to his character development in ""Rhythm of War,"" and they evolve significantly as the story progresses. Let's break down some key relationships and how they change throughout the book.

**1. Kaladin and Moash:**
- **Initial Bond:** Kaladin and Moash share a deep bond from their time in the bridge crew. They understand each other's struggles and have a history that ties them together.
- **Betrayal and Conflict:** As the story unfolds, Moash's choices lead to a painful betrayal for Kaladin. Moash becomes an antagonist, aligning himself with Odium. This betrayal deeply affects Kaladin, causing him to grapple with feelings of anger and loss. Their relationship shifts from camaraderie to hostility, highlighting Kaladin's struggle to reconcile the friend he once knew with the enemy Moash has become.

**2. Kaladin and Teft:**
- **Supportive Friendship:** Teft serves as a grounding presence for Kaladin. Their friendship is built on shared experiences and mutual support. Teft’s understanding of Kaladin’s struggles with depression creates a bond of trust between them.
- **Mentorship Role:** As the story progresses, Teft also takes on a more mentor-like role, encouraging Kaladin to embrace his leadership. Their relationship evolves as Kaladin learns to lean on Teft during difficult times, showing growth in Kaladin’s willingness to accept help.

**3. Kaladin and Sylphrena (Syl):**
- **Core Connection:** Syl is not just Kaladin's spren; she represents his own ideals and emotions. Their bond is central to Kaladin's identity as a Windrunner.
- **Growth Through Adversity:** As Kaladin faces crises, his relationship with Syl deepens. She challenges him to confront his fears and insecurities. For example, during moments of despair, Syl often reminds him of his worth and the importance of hope. Their evolving dynamic emphasizes Kaladin's journey towards self-acceptance and resilience.

**4. Kaladin and the Coalition:**
- **Leadership Dynamics:** Kaladin’s role within the coalition allows him to build relationships with other leaders, such as Dalinar and Jasnah. Initially, he struggles with the weight of leadership and his place among them.
- **Mutual Respect:** As he becomes more comfortable in his role, Kaladin earns the respect of his peers. His willingness to fight for Urithiru and protect those within it transforms his relationships from mere alliances to true partnerships built on shared goals and respect.

**5. Kaladin and Bridge Four:**
- **Found Family:** Kaladin's bond with Bridge Four evolves from one of mere survival to a supportive family dynamic. They embody loyalty, camaraderie, and shared purpose.
- **Emotional Anchor:** As Kaladin faces personal challenges, the members of Bridge Four rally around him, illustrating how his leadership and their loyalty have created a strong, interconnected group. Their support helps Kaladin navigate his struggles, reinforcing the theme of community and belonging.

**Conclusion:**
Throughout ""Rhythm of War,"" Kaladin’s relationships evolve significantly, reflecting his growth as a character. From the painful betrayal of Moash to the supportive bonds with Teft, Syl, and Bridge Four, each relationship shapes Kaladin's journey. They illustrate the complexities of friendship, loyalty, and the importance of support during difficult times. As he learns to navigate these relationships, Kaladin transforms into a more nuanced leader, embodying the themes of resilience and hope.

**Want to explore this further?** I can:
- Analyze specific scenes that highlight key moments in Kaladin's relationships.
- Discuss the impact of Kaladin's relationships on his leadership style.
- Explore how these relationships connect to broader themes in the book.",v2.0,full,snapshot,19370,,relationship,worldbuilding,"Discuss, Kaladin's",YES,YES,YES,notes_used,"snapshot-107,112,113,114,115",,snapshot+chapters,YES,107,"Source: snapshot+chapters
Type: Knowledge Snapshot + Recent Chapters
Coverage: Snapshot covering Chapters up to Chapter 107 + recent chapter details
Notes Length: 52093 chars
Chapters Found: snapshot-107, 112, 113, 114, 115
Chapters Missing: none

Preview (first 1000 chars):
# Knowledge Snapshot: Through Chapter 107

**Book:** Rhythm of War  
**Coverage:** Chapters 98-107  
**Safe for readers up to:** Chapter 107

---

## Major Characters (Introduced So Far)

### Dalinar Kholin
- **First appearance:** Chapter 98
- **Role:** Highprince of Alethkar, Bondsmith
- **Key relationships:**
  - **Jasnah Kholin:** Niece, political ally in discussions about the war
  - **Taravangian:** Former ally, now a figure of contemplation due to his advice
- **Motivations/Goals:** Seeks to end the war with Odium and unite Roshar
- **Character Arc (through Ch 107):**
  - **Starting point:** Commanding coalition forces on the Emuli front
  - **Key moments:** Reflects on past battles and receives advice from Taravangian
  - **Current state:** Strategizing on how to handle the ongoing conflict with Odium
- **Key scenes/chapters:** Chapter 98, 101

### Jasnah Kholin
- **First appearance:** Chapter 99
- **Role:** Queen of Alethkar, scholar
- **Key relationships:**
  - **Wit (Hoid):**...",
2025-12-03T16:16:58.650Z,user_3gl6lrdbcz5,The Way Of Kings,44,whats going on with Shallan in part 3?,"Great question! Shallan's journey in Part 3 of *The Way of Kings* is complex and filled with moral dilemmas, character development, and her pursuit of knowledge.

**1. Current Context:**
In Part 3, Shallan is primarily focused on her apprenticeship with Jasnah Kholin. She started with the intention to learn about Soulcasting, but her motives are complicated by her desperate need to save her family from financial ruin. She secretly aims to steal Jasnah's Soulcaster, which is a powerful magical artifact.

**2. Key Events:**
- **Moral Dilemmas:** Shallan grapples with the ethics of Jasnah's actions, especially after witnessing her mentor's lethal use of Soulcasting in Chapter 36. This scene forces her to confront the harsh realities of power and its implications.
  
- **Theft of the Soulcaster:** In Chapter 36, Shallan steals Jasnah’s Soulcaster, leading her to feel conflicted about her actions. This act of theft weighs heavily on her conscience and introduces tension in her relationship with Jasnah.

- **Exploring Knowledge:** Shallan's curiosity drives her to study Jasnah’s notebooks, where she discovers references to mythical places and entities. This exploration raises questions about the nature of truth and belief, which are thematic undercurrents in her story.

- **Interactions with Kabsal:** Shallan's interactions with Kabsal, an ardent who shows interest in her, add a layer of personal conflict. He flirts with her and shares his plans regarding the Soulcaster, which complicates her feelings and motivations.

**3. Character Development:**
Throughout Part 3, Shallan evolves from a naive girl into a more morally aware character. Her experiences force her to confront difficult questions about loyalty, ethics, and the consequences of her actions. She struggles with her desire to save her family versus the potential harm her theft could cause to Jasnah.

**4. Emotional Stakes:**
Shallan's internal conflict is palpable as she tries to reconcile her actions with her values. The fear of discovery and the weight of her theft add tension to her journey, making her a deeply relatable character.

**5. Themes:**
Key themes in Shallan's arc include morality, the pursuit of knowledge, and the complexities of power. Her relationship with Jasnah serves as a lens through which these themes are explored, as she learns to navigate the gray areas of morality.

**Want to explore this further?** I can:
- Discuss Shallan's ethical dilemmas in more detail.
- Analyze her relationship with Jasnah and Kabsal.
- Walk through specific scenes where her character develops.",v2.0,full,snapshot,15345,,relationship,none,Shallan,YES,YES,YES,notes_used,"snapshot-40,41,42,43,44",,snapshot+chapters,YES,40,"Source: snapshot+chapters
Type: Knowledge Snapshot + Recent Chapters
Coverage: Snapshot covering Chapters up to Chapter 40 + recent chapter details
Notes Length: 43243 chars
Chapters Found: snapshot-40, 41, 42, 43, 44
Chapters Missing: none

Preview (first 1000 chars):
# Knowledge Snapshot: Through Chapter 40

**Book:** The Way of Kings  
**Coverage:** Chapters 31-40  
**Safe for readers up to:** Chapter 40

---

## Major Characters (Introduced So Far)

### Kaladin
- **First appearance:** Chapter 31
- **Role:** Former surgeon's apprentice turned bridgeman; leader of Bridge Four
- **Physical description:** Dark eyes, muscular build due to hard labor
- **Key relationships:**
  - **Lirin (father):** Surgeon, mentor, source of wisdom and conflict in Kaladin's past
  - **Syl (spren):** His constant companion, offering encouragement and assistance
  - **Bridge Four:** His crew, whom he leads and protects
- **Abilities/Powers:** Demonstrates unique resilience; appears to draw in Stormlight
- **Motivations/Goals:** Protect Bridge Four, survive the brutality of bridge runs, struggle with his past failures
- **Character Arc (through Ch 40):**
  - **Starting point:** Disheartened bridgeman struggling against despair
  - **Key moments:** Survives highstorm judgm...",
2025-12-03T16:18:55.700Z,user_3gl6lrdbcz5,The Way Of Kings,44,Analyze her relationship with Jasnah and Kabsal.,"Absolutely, Shallan's relationships with Jasnah and Kabsal are key to her character development and the themes of morality and power in *The Way of Kings*.

### Relationship with Jasnah Kholin

**1. Mentor-Apprentice Dynamic:**
- **Intellectual Growth:** Jasnah serves as Shallan's mentor, guiding her in scholarly pursuits and Soulcasting. In Chapter 36, Jasnah's teaching methods challenge Shallan's understanding of ethics and the use of power. She encourages Shallan to think critically about the world, which is crucial for her development.
- **Moral Conflict:** Shallan admires Jasnah's intellect and strength but is also troubled by her ruthlessness. After witnessing Jasnah kill an attacker using Soulcasting, Shallan grapples with the moral implications of such power. This moment is pivotal, highlighting the tension between admiration and ethical concern.

**2. Tension and Betrayal:**
- **Theft of the Soulcaster:** Shallan's decision to steal Jasnah's Soulcaster complicates their relationship. This act of betrayal weighs heavily on Shallan, creating an internal conflict between her loyalty to Jasnah and her desperate need to save her family. Jasnah's lack of reaction to the theft further adds to Shallan's confusion about their dynamic.
- **Learning vs. Manipulation:** As Shallan tries to navigate her role as Jasnah's apprentice while harboring ulterior motives, the relationship becomes fraught with tension. Shallan struggles with the ethics of her actions, questioning whether her ends justify the means.

### Relationship with Kabsal

**1. Romantic Interest:**
- **Flirtation and Connection:** Kabsal is introduced as a charming ardent who shows genuine interest in Shallan. His flirtation provides a contrast to the more serious and morally complex relationship she has with Jasnah. Their interactions include lighthearted banter, which offers a momentary escape for Shallan from her internal struggles.
- **Conflict of Interests:** Kabsal reveals that he initially planned to involve Shallan in a scheme to steal the Soulcaster, which complicates her feelings for him. While he expresses a desire to leave the ardentia for her, it raises questions about whether he truly cares for her or is simply using her for his own ends.

**2. Ethical Dilemmas:**
- **Moral Implications:** Kabsal's flirtation introduces another layer of ethical complexity to Shallan's journey. She is drawn to him, but his connection to the ardentia and the political implications of their relationship make her wary. Shallan's struggle to balance her feelings for Kabsal with her moral compass adds depth to her character.
- **Influence on Shallan's Decisions:** Kabsal's presence prompts Shallan to reflect on her choices and their consequences. His suggestions about Soulcasting techniques and the potential dangers of her actions present her with further dilemmas, emphasizing her need to navigate her desires against her responsibilities.

### Conclusion

Shallan's relationships with Jasnah and Kabsal are critical to her growth throughout Part 3. Jasnah represents the intellectual and ethical challenges Shallan must confront, while Kabsal offers a more personal and emotional connection that complicates her journey. These dynamics highlight the themes of morality, power, and the struggle for identity, making Shallan's character arc both rich and relatable.

**Want to explore this further?** I can:
- Dive deeper into specific scenes that illustrate these relationships.
- Discuss how these dynamics affect Shallan's character development.
- Analyze the implications of Shallan's choices on her future actions.",v2.0,full,snapshot,16102,,relationship,none,"Analyze, Jasnah, Kabsal.",YES,YES,YES,notes_used,"snapshot-40,41,42,43,44",,snapshot+chapters,YES,40,"Source: snapshot+chapters
Type: Knowledge Snapshot + Recent Chapters
Coverage: Snapshot covering Chapters up to Chapter 40 + recent chapter details
Notes Length: 43243 chars
Chapters Found: snapshot-40, 41, 42, 43, 44
Chapters Missing: none

Preview (first 1000 chars):
# Knowledge Snapshot: Through Chapter 40

**Book:** The Way of Kings  
**Coverage:** Chapters 31-40  
**Safe for readers up to:** Chapter 40

---

## Major Characters (Introduced So Far)

### Kaladin
- **First appearance:** Chapter 31
- **Role:** Former surgeon's apprentice turned bridgeman; leader of Bridge Four
- **Physical description:** Dark eyes, muscular build due to hard labor
- **Key relationships:**
  - **Lirin (father):** Surgeon, mentor, source of wisdom and conflict in Kaladin's past
  - **Syl (spren):** His constant companion, offering encouragement and assistance
  - **Bridge Four:** His crew, whom he leads and protects
- **Abilities/Powers:** Demonstrates unique resilience; appears to draw in Stormlight
- **Motivations/Goals:** Protect Bridge Four, survive the brutality of bridge runs, struggle with his past failures
- **Character Arc (through Ch 40):**
  - **Starting point:** Disheartened bridgeman struggling against despair
  - **Key moments:** Survives highstorm judgm...",
2025-12-03T16:20:44.803Z,user_3gl6lrdbcz5,The Way Of Kings,5,who is shallan,"Shallan Davar is a significant character in ""The Way of Kings,"" introduced in Chapter 5. Here’s a summary of who she is:

- **Background**: Shallan comes from a noble family, House Davar, which has faced financial ruin following her father's death. This loss motivates her to seek out means to restore her family's status.

- **Objective**: Her primary goal is to become the ward of Jasnah Kholin, a respected scholar and member of the Alethi royal family. Shallan hopes that this apprenticeship will provide her the opportunity to access knowledge and resources to help her family.

- **Character Traits**: Shallan is intelligent, determined, and talented in drawing. However, she struggles with self-doubt regarding her education, particularly in history and philosophy, which becomes evident during her interactions with Jasnah.

- **Key Events**: In Chapter 5, Shallan meets Jasnah and is surprised when Jasnah agrees to hear her petition. Their discussion reveals Shallan's strengths and weaknesses. Ultimately, Jasnah rejects her as a ward due to her lack of knowledge, but Shallan's determination to pursue her goals remains strong, hinting at her underlying motive to steal Jasnah's Soulcaster to aid her family.

If there's a specific aspect of Shallan you'd like to explore further, feel free to ask!",v2.0,full,5,15823,,character,none,,YES,YES,YES,notes_used,"Prologue,1,2,3,4,5",,individual_chapters,NO,,"Source: individual_chapters
Type: Chapter Notes
Coverage: for chapters 1, 2, 3, 4, 5
Notes Length: 41975 chars
Chapters Found: Prologue, 1, 2, 3, 4, 5
Chapters Missing: none

Preview (first 1000 chars):
⚠️ CRITICAL: Check the ""IF ASKED"" sections below FIRST - these contain pre-written Q&As that should form the foundation of your answer.



--- ## Quotes / Memorable Lines
> ""You must take this. They must not get it.""
> — Gavilar Kholin, referring to the black sphere - ""IF ASKED"" NOTES (HIGHEST PRIORITY) ---
## Rowan's ""If Asked"" Notes

**Q: What is Surgebinding and how does Szeth use it?**
A: Surgebinding is a magical ability that allows the manipulation of natural forces. Szeth uses it to walk on walls and manipulate gravity, aiding him in his assassination mission.

**Q: Why is Szeth called ""Truthless""?**
A: In Shinovar, being ""Truthless"" is a severe punishment, indicating Szeth has been cast out and must follow orders without question, regardless of personal morality.

**Q: What is the significance of the black sphere?**
A: The black sphere is mysterious and its purpose is not yet revealed, but it is significant enough for King Gavilar to entrust it to Szeth with his dying breath.

...",
2025-12-03T16:21:13.171Z,user_3gl6lrdbcz5,The Way Of Kings,9,who is shallan?,"Great question about Shallan!

**Short Version:**
Shallan Davar is a young woman from a once-powerful family who seeks to become a scholar and apprentice to Jasnah Kholin. Her main motivation is to secure her family's future after the death of her father has put them in financial jeopardy.

**What You've Seen in the Book:**
- In Chapter 3, Shallan arrives in Kharbranth, the City of Bells, and is eager to meet Jasnah Kholin, a renowned scholar. She expresses her determination to secure an apprenticeship with Jasnah as a means to help her family.
- By Chapter 5, Shallan meets Jasnah but faces rejection due to her lack of knowledge in certain subjects. Despite this setback, she plans to prove herself and ultimately steals a glance of Jasnah's impressive abilities when the scholar uses her Soulcaster to save someone.
- In Chapter 8, after some persistence and showcasing her artistic talents, Jasnah eventually accepts Shallan as her ward, highlighting her combination of ambition and resourcefulness.

**How to Think About It:**
Shallan's character embodies the struggle between personal ambition and familial obligation. Her pursuit of knowledge and her determination to rise above her circumstances reflect a deep desire for agency and empowerment in a world where she's faced with significant challenges.

**Why It Matters:**
Shallan's journey is crucial to the themes of knowledge, power, and the struggles of women in her society. Her relationship with Jasnah will significantly influence her growth, and her motivations add layers to the plot as she navigates her secret plans to save her family.

**What's Still Unknown:**
While Shallan's motivations are clear, the full extent of her plan to steal Jasnah's Soulcaster and how this will play out is still unfolding. Her character development and the impact of her decisions will be explored further in later chapters.

**Want to Explore This Further?** I can:
- Walk you through Shallan's journey in Chapter 3 where she first arrives in Kharbranth.
- Discuss her relationship with Jasnah and how it develops in Chapters 5 and 8.
- Explore the significance of Shallan's artistic talents as a character trait.",v2.0,full,9,21744,,character,none,,YES,YES,YES,notes_used,"Prologue,1,2,3,4,5,6,7,8,9",,individual_chapters,NO,,"Source: individual_chapters
Type: Chapter Notes
Coverage: for chapters 1, 2, 3, 4, 5, 6, 7, 8, 9
Notes Length: 71524 chars
Chapters Found: Prologue, 1, 2, 3, 4, 5, 6, 7, 8, 9
Chapters Missing: none

Preview (first 1000 chars):
⚠️ CRITICAL: Check the ""IF ASKED"" sections below FIRST - these contain pre-written Q&As that should form the foundation of your answer.



--- ## Quotes / Memorable Lines
> ""You must take this. They must not get it.""
> — Gavilar Kholin, referring to the black sphere - ""IF ASKED"" NOTES (HIGHEST PRIORITY) ---
## Rowan's ""If Asked"" Notes

**Q: What is Surgebinding and how does Szeth use it?**
A: Surgebinding is a magical ability that allows the manipulation of natural forces. Szeth uses it to walk on walls and manipulate gravity, aiding him in his assassination mission.

**Q: Why is Szeth called ""Truthless""?**
A: In Shinovar, being ""Truthless"" is a severe punishment, indicating Szeth has been cast out and must follow orders without question, regardless of personal morality.

**Q: What is the significance of the black sphere?**
A: The black sphere is mysterious and its purpose is not yet revealed, but it is significant enough for King Gavilar to entrust it to Szeth with his dying breath.

...",